terrain_group_sha256,method_id,task_count,false_corridor_count,false_corridor_correction_count,false_corridor_correction_rate,reference_valid_route_count,reference_valid_route_abandonment_count,reference_valid_route_abandonment_rate,valid_lift_opportunity_count,valid_lift_abandonment_count,valid_lift_abandonment_rate
01a9df8a2028e15e4da2e9c83514cc33a0efe896f4ac1a14a9a881ab8c735a64,continuous_attenuation,2,0,0,,1,0,0.0,0,0,
01a9df8a2028e15e4da2e9c83514cc33a0efe896f4ac1a14a9a881ab8c735a64,hard_warning,2,0,0,,1,1,1.0,0,0,
01a9df8a2028e15e4da2e9c83514cc33a0efe896f4ac1a14a9a881ab8c735a64,matched_uniform,2,0,0,,1,0,0.0,0,0,
01a9df8a2028e15e4da2e9c83514cc33a0efe896f4ac1a14a9a881ab8c735a64,s_only,2,0,0,,1,0,0.0,0,0,
02dddff35bf95e0bd985154d6e64785d72bfd109a3bf9c435e063924ebe6bcdb,continuous_attenuation,1,0,0,,1,0,0.0,0,0,
02dddff35bf95e0bd985154d6e64785d72bfd109a3bf9c435e063924ebe6bcdb,hard_warning,1,0,0,,1,0,0.0,0,0,
02dddff35bf95e0bd985154d6e64785d72bfd109a3bf9c435e063924ebe6bcdb,matched_uniform,1,0,0,,1,0,0.0,0,0,
02dddff35bf95e0bd985154d6e64785d72bfd109a3bf9c435e063924ebe6bcdb,s_only,1,0,0,,1,0,0.0,0,0,
030358d398b84c036211c57bcf6a5c3f3304e035fed5a552accdb02eeb6b8fcf,continuous_attenuation,5,0,0,,5,0,0.0,0,0,
030358d398b84c036211c57bcf6a5c3f3304e035fed5a552accdb02eeb6b8fcf,hard_warning,5,0,0,,5,1,0.2,0,0,
030358d398b84c036211c57bcf6a5c3f3304e035fed5a552accdb02eeb6b8fcf,matched_uniform,5,0,0,,5,0,0.0,0,0,
030358d398b84c036211c57bcf6a5c3f3304e035fed5a552accdb02eeb6b8fcf,s_only,5,0,0,,5,0,0.0,0,0,
0693713dbc4b3cd9b5c493d5c7f069fd3c430103883772aada741311b13017eb,continuous_attenuation,1,0,0,,0,0,,0,0,
0693713dbc4b3cd9b5c493d5c7f069fd3c430103883772aada741311b13017eb,hard_warning,1,0,0,,0,0,,0,0,
0693713dbc4b3cd9b5c493d5c7f069fd3c430103883772aada741311b13017eb,matched_uniform,1,0,0,,0,0,,0,0,
0693713dbc4b3cd9b5c493d5c7f069fd3c430103883772aada741311b13017eb,s_only,1,0,0,,0,0,,0,0,
069b0ae373a06b21b09c0600139392414961290873e14f0c71d37bc18c65a688,continuous_attenuation,5,0,0,,2,0,0.0,0,0,
069b0ae373a06b21b09c0600139392414961290873e14f0c71d37bc18c65a688,hard_warning,5,0,0,,2,0,0.0,0,0,
069b0ae373a06b21b09c0600139392414961290873e14f0c71d37bc18c65a688,matched_uniform,5,0,0,,2,1,0.5,0,0,
069b0ae373a06b21b09c0600139392414961290873e14f0c71d37bc18c65a688,s_only,5,0,0,,2,0,0.0,0,0,
076be7be3eef52249232214c74aefd492f7352a58f765b36df7eceaa2795924e,continuous_attenuation,1,0,0,,1,0,0.0,0,0,
076be7be3eef52249232214c74aefd492f7352a58f765b36df7eceaa2795924e,hard_warning,1,0,0,,1,1,1.0,0,0,
076be7be3eef52249232214c74aefd492f7352a58f765b36df7eceaa2795924e,matched_uniform,1,0,0,,1,0,0.0,0,0,
076be7be3eef52249232214c74aefd492f7352a58f765b36df7eceaa2795924e,s_only,1,0,0,,1,0,0.0,0,0,
07871981eef5cfe0e0f97555edbf403c509388169ca4a643b656e9417d5bc608,continuous_attenuation,4,2,2,1.0,0,0,,0,0,
07871981eef5cfe0e0f97555edbf403c509388169ca4a643b656e9417d5bc608,hard_warning,4,2,2,1.0,0,0,,0,0,
07871981eef5cfe0e0f97555edbf403c509388169ca4a643b656e9417d5bc608,matched_uniform,4,2,1,0.5,0,0,,0,0,
07871981eef5cfe0e0f97555edbf403c509388169ca4a643b656e9417d5bc608,s_only,4,2,0,0.0,0,0,,0,0,
081cb2aeaf1f6e65369fea410e1951ab868fc657b2de4a61d3287eef4de9e406,continuous_attenuation,4,0,0,,2,0,0.0,1,0,0.0
081cb2aeaf1f6e65369fea410e1951ab868fc657b2de4a61d3287eef4de9e406,hard_warning,4,0,0,,2,0,0.0,1,0,0.0
081cb2aeaf1f6e65369fea410e1951ab868fc657b2de4a61d3287eef4de9e406,matched_uniform,4,0,0,,2,0,0.0,1,0,0.0
081cb2aeaf1f6e65369fea410e1951ab868fc657b2de4a61d3287eef4de9e406,s_only,4,0,0,,2,0,0.0,1,0,0.0
0a599f7a069afa6b245f10cce4954b8f1f9ebd843b9f2fb594b55212f9017b59,continuous_attenuation,12,0,0,,12,0,0.0,5,0,0.0
0a599f7a069afa6b245f10cce4954b8f1f9ebd843b9f2fb594b55212f9017b59,hard_warning,12,0,0,,12,0,0.0,5,0,0.0
0a599f7a069afa6b245f10cce4954b8f1f9ebd843b9f2fb594b55212f9017b59,matched_uniform,12,0,0,,12,0,0.0,5,0,0.0
0a599f7a069afa6b245f10cce4954b8f1f9ebd843b9f2fb594b55212f9017b59,s_only,12,0,0,,12,0,0.0,5,0,0.0
0b9b0393f6bf8d44e50097aee188ba7abc841d430c3356e2c93e2ceb73a493c0,continuous_attenuation,2,0,0,,1,0,0.0,0,0,
0b9b0393f6bf8d44e50097aee188ba7abc841d430c3356e2c93e2ceb73a493c0,hard_warning,2,0,0,,1,0,0.0,0,0,
0b9b0393f6bf8d44e50097aee188ba7abc841d430c3356e2c93e2ceb73a493c0,matched_uniform,2,0,0,,1,0,0.0,0,0,
0b9b0393f6bf8d44e50097aee188ba7abc841d430c3356e2c93e2ceb73a493c0,s_only,2,0,0,,1,0,0.0,0,0,
0d789a6e8c38efdb42c84bd06e79953fd41d81ad4f51e55bc5c1b5c05f643794,continuous_attenuation,1,0,0,,1,0,0.0,1,0,0.0
0d789a6e8c38efdb42c84bd06e79953fd41d81ad4f51e55bc5c1b5c05f643794,hard_warning,1,0,0,,1,0,0.0,1,0,0.0
0d789a6e8c38efdb42c84bd06e79953fd41d81ad4f51e55bc5c1b5c05f643794,matched_uniform,1,0,0,,1,0,0.0,1,0,0.0
0d789a6e8c38efdb42c84bd06e79953fd41d81ad4f51e55bc5c1b5c05f643794,s_only,1,0,0,,1,0,0.0,1,0,0.0
108f9970fd16592d87a536a652fac76ea17f567d97f1dce2c3789becb333d12e,continuous_attenuation,2,0,0,,0,0,,0,0,
108f9970fd16592d87a536a652fac76ea17f567d97f1dce2c3789becb333d12e,hard_warning,2,0,0,,0,0,,0,0,
108f9970fd16592d87a536a652fac76ea17f567d97f1dce2c3789becb333d12e,matched_uniform,2,0,0,,0,0,,0,0,
108f9970fd16592d87a536a652fac76ea17f567d97f1dce2c3789becb333d12e,s_only,2,0,0,,0,0,,0,0,
126283bcf4e99fcba408bed6ec123466baf2119acdf36c9737b641c8346bfb61,continuous_attenuation,2,0,0,,0,0,,0,0,
126283bcf4e99fcba408bed6ec123466baf2119acdf36c9737b641c8346bfb61,hard_warning,2,0,0,,0,0,,0,0,
126283bcf4e99fcba408bed6ec123466baf2119acdf36c9737b641c8346bfb61,matched_uniform,2,0,0,,0,0,,0,0,
126283bcf4e99fcba408bed6ec123466baf2119acdf36c9737b641c8346bfb61,s_only,2,0,0,,0,0,,0,0,
12f43b00194545f40bb884dc503c0927c1c2a3a734b27b616dbfaabe1480ca6f,continuous_attenuation,1,0,0,,1,0,0.0,0,0,
12f43b00194545f40bb884dc503c0927c1c2a3a734b27b616dbfaabe1480ca6f,hard_warning,1,0,0,,1,0,0.0,0,0,
12f43b00194545f40bb884dc503c0927c1c2a3a734b27b616dbfaabe1480ca6f,matched_uniform,1,0,0,,1,0,0.0,0,0,
12f43b00194545f40bb884dc503c0927c1c2a3a734b27b616dbfaabe1480ca6f,s_only,1,0,0,,1,0,0.0,0,0,
16dd2d5a863700b2e7501256f166a00c87ca63e0acf52d78eb92e0b51dda9611,continuous_attenuation,3,0,0,,3,0,0.0,0,0,
16dd2d5a863700b2e7501256f166a00c87ca63e0acf52d78eb92e0b51dda9611,hard_warning,3,0,0,,3,1,0.3333333333333333,0,0,
16dd2d5a863700b2e7501256f166a00c87ca63e0acf52d78eb92e0b51dda9611,matched_uniform,3,0,0,,3,1,0.3333333333333333,0,0,
16dd2d5a863700b2e7501256f166a00c87ca63e0acf52d78eb92e0b51dda9611,s_only,3,0,0,,3,0,0.0,0,0,
187935cff5aef56e28d5b9dd96991771705ba6a31bc737fd4e26b26ee7fbca78,continuous_attenuation,1,0,0,,1,0,0.0,0,0,
187935cff5aef56e28d5b9dd96991771705ba6a31bc737fd4e26b26ee7fbca78,hard_warning,1,0,0,,1,0,0.0,0,0,
187935cff5aef56e28d5b9dd96991771705ba6a31bc737fd4e26b26ee7fbca78,matched_uniform,1,0,0,,1,0,0.0,0,0,
187935cff5aef56e28d5b9dd96991771705ba6a31bc737fd4e26b26ee7fbca78,s_only,1,0,0,,1,0,0.0,0,0,
18ca37a2de2d5887d5624fba3f16953c6b29674c38a54e05716f70e0b30e859c,continuous_attenuation,7,1,1,1.0,4,0,0.0,3,0,0.0
18ca37a2de2d5887d5624fba3f16953c6b29674c38a54e05716f70e0b30e859c,hard_warning,7,1,1,1.0,4,2,0.5,3,2,0.6666666666666666
18ca37a2de2d5887d5624fba3f16953c6b29674c38a54e05716f70e0b30e859c,matched_uniform,7,1,1,1.0,4,1,0.25,3,1,0.3333333333333333
18ca37a2de2d5887d5624fba3f16953c6b29674c38a54e05716f70e0b30e859c,s_only,7,1,0,0.0,4,0,0.0,3,0,0.0
1d34775a577b8bb044ff1d0100711d1f561a2104d4d056560ce300db2d9430ae,continuous_attenuation,5,3,2,0.6666666666666666,2,0,0.0,1,0,0.0
1d34775a577b8bb044ff1d0100711d1f561a2104d4d056560ce300db2d9430ae,hard_warning,5,3,3,1.0,2,0,0.0,1,0,0.0
1d34775a577b8bb044ff1d0100711d1f561a2104d4d056560ce300db2d9430ae,matched_uniform,5,3,0,0.0,2,0,0.0,1,0,0.0
1d34775a577b8bb044ff1d0100711d1f561a2104d4d056560ce300db2d9430ae,s_only,5,3,0,0.0,2,0,0.0,1,0,0.0
1e8aacc31af10002c4cac27fdd4284c7c2fb74d1095dbf04d2209dfc2097437b,continuous_attenuation,11,0,0,,10,3,0.3,1,0,0.0
1e8aacc31af10002c4cac27fdd4284c7c2fb74d1095dbf04d2209dfc2097437b,hard_warning,11,0,0,,10,8,0.8,1,1,1.0
1e8aacc31af10002c4cac27fdd4284c7c2fb74d1095dbf04d2209dfc2097437b,matched_uniform,11,0,0,,10,8,0.8,1,0,0.0
1e8aacc31af10002c4cac27fdd4284c7c2fb74d1095dbf04d2209dfc2097437b,s_only,11,0,0,,10,1,0.1,1,0,0.0
20d96614634ada8402b831fcd393526022ec5eda193cb37fe1ba624a771db501,continuous_attenuation,3,0,0,,1,0,0.0,0,0,
20d96614634ada8402b831fcd393526022ec5eda193cb37fe1ba624a771db501,hard_warning,3,0,0,,1,0,0.0,0,0,
20d96614634ada8402b831fcd393526022ec5eda193cb37fe1ba624a771db501,matched_uniform,3,0,0,,1,0,0.0,0,0,
20d96614634ada8402b831fcd393526022ec5eda193cb37fe1ba624a771db501,s_only,3,0,0,,1,0,0.0,0,0,
230ade85efb668b4732455bfed983ab6709277b332febbc4f515eb6cc3a42f04,continuous_attenuation,1,0,0,,1,0,0.0,1,0,0.0
230ade85efb668b4732455bfed983ab6709277b332febbc4f515eb6cc3a42f04,hard_warning,1,0,0,,1,1,1.0,1,1,1.0
230ade85efb668b4732455bfed983ab6709277b332febbc4f515eb6cc3a42f04,matched_uniform,1,0,0,,1,0,0.0,1,0,0.0
230ade85efb668b4732455bfed983ab6709277b332febbc4f515eb6cc3a42f04,s_only,1,0,0,,1,0,0.0,1,0,0.0
235a6e62a918dd0fc0b8b5f64e10cff7627518f4d9833c82f3799716ee57b2c7,continuous_attenuation,6,0,0,,4,2,0.5,1,1,1.0
235a6e62a918dd0fc0b8b5f64e10cff7627518f4d9833c82f3799716ee57b2c7,hard_warning,6,0,0,,4,2,0.5,1,1,1.0
235a6e62a918dd0fc0b8b5f64e10cff7627518f4d9833c82f3799716ee57b2c7,matched_uniform,6,0,0,,4,1,0.25,1,0,0.0
235a6e62a918dd0fc0b8b5f64e10cff7627518f4d9833c82f3799716ee57b2c7,s_only,6,0,0,,4,2,0.5,1,1,1.0
253a0aa345a3a6bdb6998821ac85af2dc288b9f2288c6ce445d86644c699a607,continuous_attenuation,7,1,0,0.0,6,0,0.0,1,0,0.0
253a0aa345a3a6bdb6998821ac85af2dc288b9f2288c6ce445d86644c699a607,hard_warning,7,1,1,1.0,6,3,0.5,1,1,1.0
253a0aa345a3a6bdb6998821ac85af2dc288b9f2288c6ce445d86644c699a607,matched_uniform,7,1,0,0.0,6,0,0.0,1,0,0.0
253a0aa345a3a6bdb6998821ac85af2dc288b9f2288c6ce445d86644c699a607,s_only,7,1,0,0.0,6,0,0.0,1,0,0.0
2555adf0d4c56c9526042e990d8d238c238dfb4e4e43f45ee605a22dfe70fe0e,continuous_attenuation,6,0,0,,6,0,0.0,5,0,0.0
2555adf0d4c56c9526042e990d8d238c238dfb4e4e43f45ee605a22dfe70fe0e,hard_warning,6,0,0,,6,3,0.5,5,3,0.6
2555adf0d4c56c9526042e990d8d238c238dfb4e4e43f45ee605a22dfe70fe0e,matched_uniform,6,0,0,,6,0,0.0,5,0,0.0
2555adf0d4c56c9526042e990d8d238c238dfb4e4e43f45ee605a22dfe70fe0e,s_only,6,0,0,,6,0,0.0,5,0,0.0
25f22ae376d82f208ceae4f8e967a048eda21a90db20780888f4bd35bd5f0d1a,continuous_attenuation,8,1,1,1.0,5,0,0.0,0,0,
25f22ae376d82f208ceae4f8e967a048eda21a90db20780888f4bd35bd5f0d1a,hard_warning,8,1,1,1.0,5,1,0.2,0,0,
25f22ae376d82f208ceae4f8e967a048eda21a90db20780888f4bd35bd5f0d1a,matched_uniform,8,1,1,1.0,5,2,0.4,0,0,
25f22ae376d82f208ceae4f8e967a048eda21a90db20780888f4bd35bd5f0d1a,s_only,8,1,0,0.0,5,0,0.0,0,0,
2639d078d10f600df19914b25f7044c3ce499c9eb85585485ed99118f058d327,continuous_attenuation,6,0,0,,6,0,0.0,6,0,0.0
2639d078d10f600df19914b25f7044c3ce499c9eb85585485ed99118f058d327,hard_warning,6,0,0,,6,1,0.16666666666666666,6,1,0.16666666666666666
2639d078d10f600df19914b25f7044c3ce499c9eb85585485ed99118f058d327,matched_uniform,6,0,0,,6,0,0.0,6,0,0.0
2639d078d10f600df19914b25f7044c3ce499c9eb85585485ed99118f058d327,s_only,6,0,0,,6,0,0.0,6,0,0.0
27e1567823f24462a445d51bf9687a06e23f4d61dd53c2c60606ab80e68b4ba6,continuous_attenuation,6,0,0,,3,0,0.0,0,0,
27e1567823f24462a445d51bf9687a06e23f4d61dd53c2c60606ab80e68b4ba6,hard_warning,6,0,0,,3,0,0.0,0,0,
27e1567823f24462a445d51bf9687a06e23f4d61dd53c2c60606ab80e68b4ba6,matched_uniform,6,0,0,,3,0,0.0,0,0,
27e1567823f24462a445d51bf9687a06e23f4d61dd53c2c60606ab80e68b4ba6,s_only,6,0,0,,3,0,0.0,0,0,
2dcf225d44aa7cdf5b818c30c0384b317a8c454bfe54534bca9c4db94c202658,continuous_attenuation,2,0,0,,0,0,,0,0,
2dcf225d44aa7cdf5b818c30c0384b317a8c454bfe54534bca9c4db94c202658,hard_warning,2,0,0,,0,0,,0,0,
2dcf225d44aa7cdf5b818c30c0384b317a8c454bfe54534bca9c4db94c202658,matched_uniform,2,0,0,,0,0,,0,0,
2dcf225d44aa7cdf5b818c30c0384b317a8c454bfe54534bca9c4db94c202658,s_only,2,0,0,,0,0,,0,0,
30925940be9a4d1334cd1a5d4eaa3d1ea50714bc68a44f3bab0646ce818b8a12,continuous_attenuation,3,0,0,,2,1,0.5,0,0,
30925940be9a4d1334cd1a5d4eaa3d1ea50714bc68a44f3bab0646ce818b8a12,hard_warning,3,0,0,,2,2,1.0,0,0,
30925940be9a4d1334cd1a5d4eaa3d1ea50714bc68a44f3bab0646ce818b8a12,matched_uniform,3,0,0,,2,0,0.0,0,0,
30925940be9a4d1334cd1a5d4eaa3d1ea50714bc68a44f3bab0646ce818b8a12,s_only,3,0,0,,2,0,0.0,0,0,
3697b31f446eb93ad004e6aa5bd8a2d53a59c07d8702133f8f555eb194c55a20,continuous_attenuation,1,0,0,,1,0,0.0,0,0,
3697b31f446eb93ad004e6aa5bd8a2d53a59c07d8702133f8f555eb194c55a20,hard_warning,1,0,0,,1,0,0.0,0,0,
3697b31f446eb93ad004e6aa5bd8a2d53a59c07d8702133f8f555eb194c55a20,matched_uniform,1,0,0,,1,0,0.0,0,0,
3697b31f446eb93ad004e6aa5bd8a2d53a59c07d8702133f8f555eb194c55a20,s_only,1,0,0,,1,0,0.0,0,0,
36ee9e7770744fac196a6142a02924b902b3b2a09559e7368eabcf72a09d95da,continuous_attenuation,4,0,0,,2,0,0.0,0,0,
36ee9e7770744fac196a6142a02924b902b3b2a09559e7368eabcf72a09d95da,hard_warning,4,0,0,,2,1,0.5,0,0,
36ee9e7770744fac196a6142a02924b902b3b2a09559e7368eabcf72a09d95da,matched_uniform,4,0,0,,2,0,0.0,0,0,
36ee9e7770744fac196a6142a02924b902b3b2a09559e7368eabcf72a09d95da,s_only,4,0,0,,2,0,0.0,0,0,
395302f2d645667db028adf705bbb23bb7725719f28535c64aa17634a9687717,continuous_attenuation,3,0,0,,2,0,0.0,0,0,
395302f2d645667db028adf705bbb23bb7725719f28535c64aa17634a9687717,hard_warning,3,0,0,,2,0,0.0,0,0,
395302f2d645667db028adf705bbb23bb7725719f28535c64aa17634a9687717,matched_uniform,3,0,0,,2,0,0.0,0,0,
395302f2d645667db028adf705bbb23bb7725719f28535c64aa17634a9687717,s_only,3,0,0,,2,0,0.0,0,0,
3b8a519b4331e386d555f7726116132f3f28f9aabe82cc49257848043f589da6,continuous_attenuation,2,0,0,,1,0,0.0,0,0,
3b8a519b4331e386d555f7726116132f3f28f9aabe82cc49257848043f589da6,hard_warning,2,0,0,,1,0,0.0,0,0,
3b8a519b4331e386d555f7726116132f3f28f9aabe82cc49257848043f589da6,matched_uniform,2,0,0,,1,0,0.0,0,0,
3b8a519b4331e386d555f7726116132f3f28f9aabe82cc49257848043f589da6,s_only,2,0,0,,1,0,0.0,0,0,
3d2d71283f2c33292b94ceae850df95c69d91b147ee9e6af0704f54899fd2edd,continuous_attenuation,5,0,0,,4,2,0.5,0,0,
3d2d71283f2c33292b94ceae850df95c69d91b147ee9e6af0704f54899fd2edd,hard_warning,5,0,0,,4,2,0.5,0,0,
3d2d71283f2c33292b94ceae850df95c69d91b147ee9e6af0704f54899fd2edd,matched_uniform,5,0,0,,4,2,0.5,0,0,
3d2d71283f2c33292b94ceae850df95c69d91b147ee9e6af0704f54899fd2edd,s_only,5,0,0,,4,1,0.25,0,0,
3e9917a8feea57c4ac8092c908f1ce8a42af3d36d822a6734fa4a882abb5d0a9,continuous_attenuation,10,0,0,,8,0,0.0,2,0,0.0
3e9917a8feea57c4ac8092c908f1ce8a42af3d36d822a6734fa4a882abb5d0a9,hard_warning,10,0,0,,8,8,1.0,2,2,1.0
3e9917a8feea57c4ac8092c908f1ce8a42af3d36d822a6734fa4a882abb5d0a9,matched_uniform,10,0,0,,8,2,0.25,2,0,0.0
3e9917a8feea57c4ac8092c908f1ce8a42af3d36d822a6734fa4a882abb5d0a9,s_only,10,0,0,,8,0,0.0,2,0,0.0
41d8f3fa47e22d3df284ae7fef720aaefff17a73f774630e985171bb73fc7f68,continuous_attenuation,1,0,0,,0,0,,0,0,
41d8f3fa47e22d3df284ae7fef720aaefff17a73f774630e985171bb73fc7f68,hard_warning,1,0,0,,0,0,,0,0,
41d8f3fa47e22d3df284ae7fef720aaefff17a73f774630e985171bb73fc7f68,matched_uniform,1,0,0,,0,0,,0,0,
41d8f3fa47e22d3df284ae7fef720aaefff17a73f774630e985171bb73fc7f68,s_only,1,0,0,,0,0,,0,0,
4501396293fae8c16cc1e555ea4f0f5b4fb6c8e6f7e9c73182ae933fee1b3598,continuous_attenuation,1,0,0,,1,1,1.0,0,0,
4501396293fae8c16cc1e555ea4f0f5b4fb6c8e6f7e9c73182ae933fee1b3598,hard_warning,1,0,0,,1,1,1.0,0,0,
4501396293fae8c16cc1e555ea4f0f5b4fb6c8e6f7e9c73182ae933fee1b3598,matched_uniform,1,0,0,,1,1,1.0,0,0,
4501396293fae8c16cc1e555ea4f0f5b4fb6c8e6f7e9c73182ae933fee1b3598,s_only,1,0,0,,1,0,0.0,0,0,
4938f4d5baa5ddb96eaf9ee3394ded9d2f76d0033d3fd6f91aae016032edce5e,continuous_attenuation,9,1,1,1.0,1,0,0.0,1,0,0.0
4938f4d5baa5ddb96eaf9ee3394ded9d2f76d0033d3fd6f91aae016032edce5e,hard_warning,9,1,1,1.0,1,0,0.0,1,0,0.0
4938f4d5baa5ddb96eaf9ee3394ded9d2f76d0033d3fd6f91aae016032edce5e,matched_uniform,9,1,1,1.0,1,0,0.0,1,0,0.0
4938f4d5baa5ddb96eaf9ee3394ded9d2f76d0033d3fd6f91aae016032edce5e,s_only,9,1,0,0.0,1,0,0.0,1,0,0.0
4cbba1ea1a5ed486e3d6bd806b1dde03c7d92200a4741d9e650d0b9703b857ac,continuous_attenuation,2,0,0,,2,0,0.0,0,0,
4cbba1ea1a5ed486e3d6bd806b1dde03c7d92200a4741d9e650d0b9703b857ac,hard_warning,2,0,0,,2,1,0.5,0,0,
4cbba1ea1a5ed486e3d6bd806b1dde03c7d92200a4741d9e650d0b9703b857ac,matched_uniform,2,0,0,,2,0,0.0,0,0,
4cbba1ea1a5ed486e3d6bd806b1dde03c7d92200a4741d9e650d0b9703b857ac,s_only,2,0,0,,2,0,0.0,0,0,
520f5828fa3c2f7c7e12100c51fd66bd6c43fb426d87c6b634e8090e9e4170bd,continuous_attenuation,3,0,0,,3,0,0.0,3,0,0.0
520f5828fa3c2f7c7e12100c51fd66bd6c43fb426d87c6b634e8090e9e4170bd,hard_warning,3,0,0,,3,0,0.0,3,0,0.0
520f5828fa3c2f7c7e12100c51fd66bd6c43fb426d87c6b634e8090e9e4170bd,matched_uniform,3,0,0,,3,0,0.0,3,0,0.0
520f5828fa3c2f7c7e12100c51fd66bd6c43fb426d87c6b634e8090e9e4170bd,s_only,3,0,0,,3,0,0.0,3,0,0.0
5422fd9053a8c736c46aa208907774fd7c6d6f9c49aa9c4b7751102eccb6cb5e,continuous_attenuation,6,1,0,0.0,3,0,0.0,0,0,
5422fd9053a8c736c46aa208907774fd7c6d6f9c49aa9c4b7751102eccb6cb5e,hard_warning,6,1,1,1.0,3,1,0.3333333333333333,0,0,
5422fd9053a8c736c46aa208907774fd7c6d6f9c49aa9c4b7751102eccb6cb5e,matched_uniform,6,1,1,1.0,3,1,0.3333333333333333,0,0,
5422fd9053a8c736c46aa208907774fd7c6d6f9c49aa9c4b7751102eccb6cb5e,s_only,6,1,0,0.0,3,0,0.0,0,0,
542a7eb22eb2e3be617059d5ccc57a8f5f4a47d0fd669966fac10a34a30af35d,continuous_attenuation,3,0,0,,3,0,0.0,3,0,0.0
542a7eb22eb2e3be617059d5ccc57a8f5f4a47d0fd669966fac10a34a30af35d,hard_warning,3,0,0,,3,2,0.6666666666666666,3,2,0.6666666666666666
542a7eb22eb2e3be617059d5ccc57a8f5f4a47d0fd669966fac10a34a30af35d,matched_uniform,3,0,0,,3,0,0.0,3,0,0.0
542a7eb22eb2e3be617059d5ccc57a8f5f4a47d0fd669966fac10a34a30af35d,s_only,3,0,0,,3,0,0.0,3,0,0.0
59f1b57c6361833139eb6ce2eb7d0da2d3708f14b424b98850aadebc693fd3ae,continuous_attenuation,1,0,0,,1,0,0.0,0,0,
59f1b57c6361833139eb6ce2eb7d0da2d3708f14b424b98850aadebc693fd3ae,hard_warning,1,0,0,,1,0,0.0,0,0,
59f1b57c6361833139eb6ce2eb7d0da2d3708f14b424b98850aadebc693fd3ae,matched_uniform,1,0,0,,1,0,0.0,0,0,
59f1b57c6361833139eb6ce2eb7d0da2d3708f14b424b98850aadebc693fd3ae,s_only,1,0,0,,1,0,0.0,0,0,
5c44fac284e038cf09370a079cc3c28baab3a0d9be32eae1aec37c6f1d184acb,continuous_attenuation,1,0,0,,0,0,,0,0,
5c44fac284e038cf09370a079cc3c28baab3a0d9be32eae1aec37c6f1d184acb,hard_warning,1,0,0,,0,0,,0,0,
5c44fac284e038cf09370a079cc3c28baab3a0d9be32eae1aec37c6f1d184acb,matched_uniform,1,0,0,,0,0,,0,0,
5c44fac284e038cf09370a079cc3c28baab3a0d9be32eae1aec37c6f1d184acb,s_only,1,0,0,,0,0,,0,0,
5c5ec62f4daa7809eda1f7d5e7a3104c9242f645d5af0afa88d3e821d2530e93,continuous_attenuation,1,0,0,,0,0,,0,0,
5c5ec62f4daa7809eda1f7d5e7a3104c9242f645d5af0afa88d3e821d2530e93,hard_warning,1,0,0,,0,0,,0,0,
5c5ec62f4daa7809eda1f7d5e7a3104c9242f645d5af0afa88d3e821d2530e93,matched_uniform,1,0,0,,0,0,,0,0,
5c5ec62f4daa7809eda1f7d5e7a3104c9242f645d5af0afa88d3e821d2530e93,s_only,1,0,0,,0,0,,0,0,
5d257ce41a5c24b6b4d0d9cea089bc84a551549f5c2931fdb1f294a835225a98,continuous_attenuation,1,0,0,,0,0,,0,0,
5d257ce41a5c24b6b4d0d9cea089bc84a551549f5c2931fdb1f294a835225a98,hard_warning,1,0,0,,0,0,,0,0,
5d257ce41a5c24b6b4d0d9cea089bc84a551549f5c2931fdb1f294a835225a98,matched_uniform,1,0,0,,0,0,,0,0,
5d257ce41a5c24b6b4d0d9cea089bc84a551549f5c2931fdb1f294a835225a98,s_only,1,0,0,,0,0,,0,0,
5fa83832c589a61b2de6bb6a7971c5985ac4a79d3e7da70aa45fd662f847a7ce,continuous_attenuation,1,0,0,,1,0,0.0,0,0,
5fa83832c589a61b2de6bb6a7971c5985ac4a79d3e7da70aa45fd662f847a7ce,hard_warning,1,0,0,,1,0,0.0,0,0,
5fa83832c589a61b2de6bb6a7971c5985ac4a79d3e7da70aa45fd662f847a7ce,matched_uniform,1,0,0,,1,0,0.0,0,0,
5fa83832c589a61b2de6bb6a7971c5985ac4a79d3e7da70aa45fd662f847a7ce,s_only,1,0,0,,1,0,0.0,0,0,
61f3edaad2503477b5db4ca8ead60a81db4b732cf71ee9ed38f74f36c665d562,continuous_attenuation,1,0,0,,0,0,,0,0,
61f3edaad2503477b5db4ca8ead60a81db4b732cf71ee9ed38f74f36c665d562,hard_warning,1,0,0,,0,0,,0,0,
61f3edaad2503477b5db4ca8ead60a81db4b732cf71ee9ed38f74f36c665d562,matched_uniform,1,0,0,,0,0,,0,0,
61f3edaad2503477b5db4ca8ead60a81db4b732cf71ee9ed38f74f36c665d562,s_only,1,0,0,,0,0,,0,0,
63f4dbc865aa189f29648e83c72517ec7cc78a4f8583b6e96c7efcaae3667767,continuous_attenuation,2,0,0,,1,0,0.0,0,0,
63f4dbc865aa189f29648e83c72517ec7cc78a4f8583b6e96c7efcaae3667767,hard_warning,2,0,0,,1,0,0.0,0,0,
63f4dbc865aa189f29648e83c72517ec7cc78a4f8583b6e96c7efcaae3667767,matched_uniform,2,0,0,,1,0,0.0,0,0,
63f4dbc865aa189f29648e83c72517ec7cc78a4f8583b6e96c7efcaae3667767,s_only,2,0,0,,1,0,0.0,0,0,
6781c0903d16e3d46119c6861e65694ea7cff09b5ee625cd768147230216eadd,continuous_attenuation,11,0,0,,10,0,0.0,2,0,0.0
6781c0903d16e3d46119c6861e65694ea7cff09b5ee625cd768147230216eadd,hard_warning,11,0,0,,10,0,0.0,2,0,0.0
6781c0903d16e3d46119c6861e65694ea7cff09b5ee625cd768147230216eadd,matched_uniform,11,0,0,,10,0,0.0,2,0,0.0
6781c0903d16e3d46119c6861e65694ea7cff09b5ee625cd768147230216eadd,s_only,11,0,0,,10,0,0.0,2,0,0.0
68b36dfdbc82a1556b91373a986f8a2b0641a3c8abfebf1d1d21458b9a73cf21,continuous_attenuation,15,6,5,0.8333333333333334,8,3,0.375,0,0,
68b36dfdbc82a1556b91373a986f8a2b0641a3c8abfebf1d1d21458b9a73cf21,hard_warning,15,6,6,1.0,8,2,0.25,0,0,
68b36dfdbc82a1556b91373a986f8a2b0641a3c8abfebf1d1d21458b9a73cf21,matched_uniform,15,6,6,1.0,8,2,0.25,0,0,
68b36dfdbc82a1556b91373a986f8a2b0641a3c8abfebf1d1d21458b9a73cf21,s_only,15,6,2,0.3333333333333333,8,1,0.125,0,0,
6bac8ff4ce5790d324a6e02e0f8d0d4aa30a4a6f6f5170d466c5c6d8e8fdd0b7,continuous_attenuation,3,0,0,,3,0,0.0,0,0,
6bac8ff4ce5790d324a6e02e0f8d0d4aa30a4a6f6f5170d466c5c6d8e8fdd0b7,hard_warning,3,0,0,,3,0,0.0,0,0,
6bac8ff4ce5790d324a6e02e0f8d0d4aa30a4a6f6f5170d466c5c6d8e8fdd0b7,matched_uniform,3,0,0,,3,0,0.0,0,0,
6bac8ff4ce5790d324a6e02e0f8d0d4aa30a4a6f6f5170d466c5c6d8e8fdd0b7,s_only,3,0,0,,3,0,0.0,0,0,
6bdd5a4439005755fe788f5e81fe4393c8f79257870641c6abfe21bd956aa450,continuous_attenuation,5,0,0,,3,0,0.0,2,0,0.0
6bdd5a4439005755fe788f5e81fe4393c8f79257870641c6abfe21bd956aa450,hard_warning,5,0,0,,3,0,0.0,2,0,0.0
6bdd5a4439005755fe788f5e81fe4393c8f79257870641c6abfe21bd956aa450,matched_uniform,5,0,0,,3,0,0.0,2,0,0.0
6bdd5a4439005755fe788f5e81fe4393c8f79257870641c6abfe21bd956aa450,s_only,5,0,0,,3,0,0.0,2,0,0.0
6c0651402e9b0b86cc6eba8957afdbd7e76adc07576cf3c24c0d4f96de88f3ae,continuous_attenuation,10,3,0,0.0,5,0,0.0,0,0,
6c0651402e9b0b86cc6eba8957afdbd7e76adc07576cf3c24c0d4f96de88f3ae,hard_warning,10,3,3,1.0,5,5,1.0,0,0,
6c0651402e9b0b86cc6eba8957afdbd7e76adc07576cf3c24c0d4f96de88f3ae,matched_uniform,10,3,1,0.3333333333333333,5,1,0.2,0,0,
6c0651402e9b0b86cc6eba8957afdbd7e76adc07576cf3c24c0d4f96de88f3ae,s_only,10,3,0,0.0,5,0,0.0,0,0,
6c60efe14c3705944c9355447d2c5c06d09936bbf9e8f2cdf16a9a461a865d5c,continuous_attenuation,8,0,0,,7,0,0.0,1,0,0.0
6c60efe14c3705944c9355447d2c5c06d09936bbf9e8f2cdf16a9a461a865d5c,hard_warning,8,0,0,,7,0,0.0,1,0,0.0
6c60efe14c3705944c9355447d2c5c06d09936bbf9e8f2cdf16a9a461a865d5c,matched_uniform,8,0,0,,7,0,0.0,1,0,0.0
6c60efe14c3705944c9355447d2c5c06d09936bbf9e8f2cdf16a9a461a865d5c,s_only,8,0,0,,7,0,0.0,1,0,0.0
6ed8cc2b834d31b63b02210e89ac85d91e3a68280a1b9e358244789a944c45f3,continuous_attenuation,3,1,1,1.0,2,0,0.0,0,0,
6ed8cc2b834d31b63b02210e89ac85d91e3a68280a1b9e358244789a944c45f3,hard_warning,3,1,1,1.0,2,0,0.0,0,0,
6ed8cc2b834d31b63b02210e89ac85d91e3a68280a1b9e358244789a944c45f3,matched_uniform,3,1,1,1.0,2,0,0.0,0,0,
6ed8cc2b834d31b63b02210e89ac85d91e3a68280a1b9e358244789a944c45f3,s_only,3,1,1,1.0,2,0,0.0,0,0,
6efb94df7aeb1429a9890642e3330deb8b2e77c8544b2f7862184b89bf2a2b70,continuous_attenuation,1,0,0,,1,0,0.0,0,0,
6efb94df7aeb1429a9890642e3330deb8b2e77c8544b2f7862184b89bf2a2b70,hard_warning,1,0,0,,1,0,0.0,0,0,
6efb94df7aeb1429a9890642e3330deb8b2e77c8544b2f7862184b89bf2a2b70,matched_uniform,1,0,0,,1,0,0.0,0,0,
6efb94df7aeb1429a9890642e3330deb8b2e77c8544b2f7862184b89bf2a2b70,s_only,1,0,0,,1,0,0.0,0,0,
718b4f009ea526c287a5acf7c102d697a8cdbcd38aeb0edf1ec0f48cc45a4435,continuous_attenuation,8,0,0,,7,0,0.0,0,0,
718b4f009ea526c287a5acf7c102d697a8cdbcd38aeb0edf1ec0f48cc45a4435,hard_warning,8,0,0,,7,7,1.0,0,0,
718b4f009ea526c287a5acf7c102d697a8cdbcd38aeb0edf1ec0f48cc45a4435,matched_uniform,8,0,0,,7,0,0.0,0,0,
718b4f009ea526c287a5acf7c102d697a8cdbcd38aeb0edf1ec0f48cc45a4435,s_only,8,0,0,,7,0,0.0,0,0,
74c68690277e04c693c03cd56c28b7876f9f33c4e071195d60036b277cf37c95,continuous_attenuation,1,0,0,,1,1,1.0,1,1,1.0
74c68690277e04c693c03cd56c28b7876f9f33c4e071195d60036b277cf37c95,hard_warning,1,0,0,,1,1,1.0,1,1,1.0
74c68690277e04c693c03cd56c28b7876f9f33c4e071195d60036b277cf37c95,matched_uniform,1,0,0,,1,1,1.0,1,1,1.0
74c68690277e04c693c03cd56c28b7876f9f33c4e071195d60036b277cf37c95,s_only,1,0,0,,1,0,0.0,1,0,0.0
760d2f3318405ea25e62f4dce7665b29103d17b3688ed8009aaba1fc6fab4028,continuous_attenuation,2,0,0,,2,0,0.0,0,0,
760d2f3318405ea25e62f4dce7665b29103d17b3688ed8009aaba1fc6fab4028,hard_warning,2,0,0,,2,0,0.0,0,0,
760d2f3318405ea25e62f4dce7665b29103d17b3688ed8009aaba1fc6fab4028,matched_uniform,2,0,0,,2,0,0.0,0,0,
760d2f3318405ea25e62f4dce7665b29103d17b3688ed8009aaba1fc6fab4028,s_only,2,0,0,,2,0,0.0,0,0,
79f94bd9771116d9caf0da384e547b01d7e764b38322c0841e8a4eaa8d1d6aa9,continuous_attenuation,1,0,0,,1,0,0.0,0,0,
79f94bd9771116d9caf0da384e547b01d7e764b38322c0841e8a4eaa8d1d6aa9,hard_warning,1,0,0,,1,0,0.0,0,0,
79f94bd9771116d9caf0da384e547b01d7e764b38322c0841e8a4eaa8d1d6aa9,matched_uniform,1,0,0,,1,0,0.0,0,0,
79f94bd9771116d9caf0da384e547b01d7e764b38322c0841e8a4eaa8d1d6aa9,s_only,1,0,0,,1,0,0.0,0,0,
7a481cdb8811dcfef616a4722431b9dcc5a48e23566cb26723924323ef60e88d,continuous_attenuation,2,0,0,,0,0,,0,0,
7a481cdb8811dcfef616a4722431b9dcc5a48e23566cb26723924323ef60e88d,hard_warning,2,0,0,,0,0,,0,0,
7a481cdb8811dcfef616a4722431b9dcc5a48e23566cb26723924323ef60e88d,matched_uniform,2,0,0,,0,0,,0,0,
7a481cdb8811dcfef616a4722431b9dcc5a48e23566cb26723924323ef60e88d,s_only,2,0,0,,0,0,,0,0,
7ee25264375642b3aa9539e45d6edc54a8c8c1c0552d6b8c3cc9438728f8c788,continuous_attenuation,1,0,0,,1,0,0.0,0,0,
7ee25264375642b3aa9539e45d6edc54a8c8c1c0552d6b8c3cc9438728f8c788,hard_warning,1,0,0,,1,0,0.0,0,0,
7ee25264375642b3aa9539e45d6edc54a8c8c1c0552d6b8c3cc9438728f8c788,matched_uniform,1,0,0,,1,0,0.0,0,0,
7ee25264375642b3aa9539e45d6edc54a8c8c1c0552d6b8c3cc9438728f8c788,s_only,1,0,0,,1,0,0.0,0,0,
7f21784d840e29d2b6f49eb81a88e5b7cfb1361927171083ba9d9fd27b53da3b,continuous_attenuation,1,0,0,,1,0,0.0,1,0,0.0
7f21784d840e29d2b6f49eb81a88e5b7cfb1361927171083ba9d9fd27b53da3b,hard_warning,1,0,0,,1,0,0.0,1,0,0.0
7f21784d840e29d2b6f49eb81a88e5b7cfb1361927171083ba9d9fd27b53da3b,matched_uniform,1,0,0,,1,0,0.0,1,0,0.0
7f21784d840e29d2b6f49eb81a88e5b7cfb1361927171083ba9d9fd27b53da3b,s_only,1,0,0,,1,0,0.0,1,0,0.0
7f274497ada4d3a97c2c91360ba19f0b377e2867cc0113fe7842b004d9460999,continuous_attenuation,11,3,0,0.0,7,0,0.0,0,0,
7f274497ada4d3a97c2c91360ba19f0b377e2867cc0113fe7842b004d9460999,hard_warning,11,3,3,1.0,7,2,0.2857142857142857,0,0,
7f274497ada4d3a97c2c91360ba19f0b377e2867cc0113fe7842b004d9460999,matched_uniform,11,3,0,0.0,7,0,0.0,0,0,
7f274497ada4d3a97c2c91360ba19f0b377e2867cc0113fe7842b004d9460999,s_only,11,3,0,0.0,7,0,0.0,0,0,
7f500b355935ab0d6d6ceb9625b96ab351518dd099a6f30aea5b2d630f371d81,continuous_attenuation,1,0,0,,1,0,0.0,0,0,
7f500b355935ab0d6d6ceb9625b96ab351518dd099a6f30aea5b2d630f371d81,hard_warning,1,0,0,,1,1,1.0,0,0,
7f500b355935ab0d6d6ceb9625b96ab351518dd099a6f30aea5b2d630f371d81,matched_uniform,1,0,0,,1,1,1.0,0,0,
7f500b355935ab0d6d6ceb9625b96ab351518dd099a6f30aea5b2d630f371d81,s_only,1,0,0,,1,0,0.0,0,0,
7f543fbf5eb51055ff65d42c82047dfc1b6189eb6e9afc85159961bdcc571037,continuous_attenuation,2,0,0,,0,0,,0,0,
7f543fbf5eb51055ff65d42c82047dfc1b6189eb6e9afc85159961bdcc571037,hard_warning,2,0,0,,0,0,,0,0,
7f543fbf5eb51055ff65d42c82047dfc1b6189eb6e9afc85159961bdcc571037,matched_uniform,2,0,0,,0,0,,0,0,
7f543fbf5eb51055ff65d42c82047dfc1b6189eb6e9afc85159961bdcc571037,s_only,2,0,0,,0,0,,0,0,
8033456c5978065b9a6559de1ba231688e280e79893ba3a83dfba3c6d0214cac,continuous_attenuation,9,2,2,1.0,4,0,0.0,1,0,0.0
8033456c5978065b9a6559de1ba231688e280e79893ba3a83dfba3c6d0214cac,hard_warning,9,2,2,1.0,4,1,0.25,1,0,0.0
8033456c5978065b9a6559de1ba231688e280e79893ba3a83dfba3c6d0214cac,matched_uniform,9,2,0,0.0,4,0,0.0,1,0,0.0
8033456c5978065b9a6559de1ba231688e280e79893ba3a83dfba3c6d0214cac,s_only,9,2,0,0.0,4,0,0.0,1,0,0.0
81b592a806466b521dfbfc2ee463872a58ac30ff16372673bd744cd9c2dac893,continuous_attenuation,1,0,0,,1,0,0.0,0,0,
81b592a806466b521dfbfc2ee463872a58ac30ff16372673bd744cd9c2dac893,hard_warning,1,0,0,,1,0,0.0,0,0,
81b592a806466b521dfbfc2ee463872a58ac30ff16372673bd744cd9c2dac893,matched_uniform,1,0,0,,1,0,0.0,0,0,
81b592a806466b521dfbfc2ee463872a58ac30ff16372673bd744cd9c2dac893,s_only,1,0,0,,1,0,0.0,0,0,
832c17f15fff3e7f75bf92fa1274a91c803efcfd077201ddf006362a1052efae,continuous_attenuation,14,1,1,1.0,13,1,0.07692307692307693,2,0,0.0
832c17f15fff3e7f75bf92fa1274a91c803efcfd077201ddf006362a1052efae,hard_warning,14,1,1,1.0,13,10,0.7692307692307693,2,1,0.5
832c17f15fff3e7f75bf92fa1274a91c803efcfd077201ddf006362a1052efae,matched_uniform,14,1,1,1.0,13,10,0.7692307692307693,2,1,0.5
832c17f15fff3e7f75bf92fa1274a91c803efcfd077201ddf006362a1052efae,s_only,14,1,0,0.0,13,0,0.0,2,0,0.0
862c4600ff11a51963c75aeb3140245fd6ae6593b86945f03a4e5e95720087ec,continuous_attenuation,12,0,0,,2,0,0.0,0,0,
862c4600ff11a51963c75aeb3140245fd6ae6593b86945f03a4e5e95720087ec,hard_warning,12,0,0,,2,2,1.0,0,0,
862c4600ff11a51963c75aeb3140245fd6ae6593b86945f03a4e5e95720087ec,matched_uniform,12,0,0,,2,2,1.0,0,0,
862c4600ff11a51963c75aeb3140245fd6ae6593b86945f03a4e5e95720087ec,s_only,12,0,0,,2,0,0.0,0,0,
87836f3fdc970b6235f6ab27b8870f0c71ee62977f39c5fb28578825052dfca1,continuous_attenuation,2,0,0,,2,0,0.0,0,0,
87836f3fdc970b6235f6ab27b8870f0c71ee62977f39c5fb28578825052dfca1,hard_warning,2,0,0,,2,0,0.0,0,0,
87836f3fdc970b6235f6ab27b8870f0c71ee62977f39c5fb28578825052dfca1,matched_uniform,2,0,0,,2,0,0.0,0,0,
87836f3fdc970b6235f6ab27b8870f0c71ee62977f39c5fb28578825052dfca1,s_only,2,0,0,,2,0,0.0,0,0,
8a37ef3bc4570f3705d10ed903b67d2452e45c234e2010fffec6a2d780fac876,continuous_attenuation,18,2,0,0.0,12,1,0.08333333333333333,0,0,
8a37ef3bc4570f3705d10ed903b67d2452e45c234e2010fffec6a2d780fac876,hard_warning,18,2,2,1.0,12,12,1.0,0,0,
8a37ef3bc4570f3705d10ed903b67d2452e45c234e2010fffec6a2d780fac876,matched_uniform,18,2,0,0.0,12,2,0.16666666666666666,0,0,
8a37ef3bc4570f3705d10ed903b67d2452e45c234e2010fffec6a2d780fac876,s_only,18,2,0,0.0,12,0,0.0,0,0,
8b250779d3632c7a8464bdb3ba54f1b749835c9c94504fbdcf90e834a310339b,continuous_attenuation,2,0,0,,1,0,0.0,1,0,0.0
8b250779d3632c7a8464bdb3ba54f1b749835c9c94504fbdcf90e834a310339b,hard_warning,2,0,0,,1,0,0.0,1,0,0.0
8b250779d3632c7a8464bdb3ba54f1b749835c9c94504fbdcf90e834a310339b,matched_uniform,2,0,0,,1,0,0.0,1,0,0.0
8b250779d3632c7a8464bdb3ba54f1b749835c9c94504fbdcf90e834a310339b,s_only,2,0,0,,1,0,0.0,1,0,0.0
8b50ce8258792c40d3da575b5269a3e59b83fd7d4e6602c370f324a8cb28a478,continuous_attenuation,1,0,0,,0,0,,0,0,
8b50ce8258792c40d3da575b5269a3e59b83fd7d4e6602c370f324a8cb28a478,hard_warning,1,0,0,,0,0,,0,0,
8b50ce8258792c40d3da575b5269a3e59b83fd7d4e6602c370f324a8cb28a478,matched_uniform,1,0,0,,0,0,,0,0,
8b50ce8258792c40d3da575b5269a3e59b83fd7d4e6602c370f324a8cb28a478,s_only,1,0,0,,0,0,,0,0,
8be39a849505f0c8a6f0dd63bbe4ce67c0dda7e227b6790cf36ddf1c4a1ffde4,continuous_attenuation,1,0,0,,1,0,0.0,1,0,0.0
8be39a849505f0c8a6f0dd63bbe4ce67c0dda7e227b6790cf36ddf1c4a1ffde4,hard_warning,1,0,0,,1,0,0.0,1,0,0.0
8be39a849505f0c8a6f0dd63bbe4ce67c0dda7e227b6790cf36ddf1c4a1ffde4,matched_uniform,1,0,0,,1,0,0.0,1,0,0.0
8be39a849505f0c8a6f0dd63bbe4ce67c0dda7e227b6790cf36ddf1c4a1ffde4,s_only,1,0,0,,1,0,0.0,1,0,0.0
8dd3f3bf6aa372920049a0d61c3914e46bae18e11e3d3abeaf94f73ae92095a0,continuous_attenuation,2,0,0,,2,0,0.0,0,0,
8dd3f3bf6aa372920049a0d61c3914e46bae18e11e3d3abeaf94f73ae92095a0,hard_warning,2,0,0,,2,0,0.0,0,0,
8dd3f3bf6aa372920049a0d61c3914e46bae18e11e3d3abeaf94f73ae92095a0,matched_uniform,2,0,0,,2,0,0.0,0,0,
8dd3f3bf6aa372920049a0d61c3914e46bae18e11e3d3abeaf94f73ae92095a0,s_only,2,0,0,,2,0,0.0,0,0,
8fe9d4e95faa2c3569d16c1106e3870622506598081eb8fd1c73556ad519ba5a,continuous_attenuation,3,0,0,,2,0,0.0,0,0,
8fe9d4e95faa2c3569d16c1106e3870622506598081eb8fd1c73556ad519ba5a,hard_warning,3,0,0,,2,0,0.0,0,0,
8fe9d4e95faa2c3569d16c1106e3870622506598081eb8fd1c73556ad519ba5a,matched_uniform,3,0,0,,2,0,0.0,0,0,
8fe9d4e95faa2c3569d16c1106e3870622506598081eb8fd1c73556ad519ba5a,s_only,3,0,0,,2,0,0.0,0,0,
9067ff6a7cf225fa162590e2df36cad1515533883b5ac30d6c2adcaa83eba872,continuous_attenuation,1,0,0,,1,0,0.0,1,0,0.0
9067ff6a7cf225fa162590e2df36cad1515533883b5ac30d6c2adcaa83eba872,hard_warning,1,0,0,,1,0,0.0,1,0,0.0
9067ff6a7cf225fa162590e2df36cad1515533883b5ac30d6c2adcaa83eba872,matched_uniform,1,0,0,,1,0,0.0,1,0,0.0
9067ff6a7cf225fa162590e2df36cad1515533883b5ac30d6c2adcaa83eba872,s_only,1,0,0,,1,0,0.0,1,0,0.0
912c9405f19ba59386e301d16088fa897df8e4d8f28ae9600146dc1dd745e452,continuous_attenuation,1,0,0,,0,0,,0,0,
912c9405f19ba59386e301d16088fa897df8e4d8f28ae9600146dc1dd745e452,hard_warning,1,0,0,,0,0,,0,0,
912c9405f19ba59386e301d16088fa897df8e4d8f28ae9600146dc1dd745e452,matched_uniform,1,0,0,,0,0,,0,0,
912c9405f19ba59386e301d16088fa897df8e4d8f28ae9600146dc1dd745e452,s_only,1,0,0,,0,0,,0,0,
920342328b593afc425697a253afc689a4142b8884096b9257592effada0a8b2,continuous_attenuation,3,1,0,0.0,2,0,0.0,0,0,
920342328b593afc425697a253afc689a4142b8884096b9257592effada0a8b2,hard_warning,3,1,1,1.0,2,0,0.0,0,0,
920342328b593afc425697a253afc689a4142b8884096b9257592effada0a8b2,matched_uniform,3,1,0,0.0,2,0,0.0,0,0,
920342328b593afc425697a253afc689a4142b8884096b9257592effada0a8b2,s_only,3,1,0,0.0,2,0,0.0,0,0,
93705fdae07e93080a92d9973a1018ac84cf2a5adad9bfcd12c5f52a656cdd30,continuous_attenuation,10,3,0,0.0,6,0,0.0,3,0,0.0
93705fdae07e93080a92d9973a1018ac84cf2a5adad9bfcd12c5f52a656cdd30,hard_warning,10,3,3,1.0,6,3,0.5,3,3,1.0
93705fdae07e93080a92d9973a1018ac84cf2a5adad9bfcd12c5f52a656cdd30,matched_uniform,10,3,2,0.6666666666666666,6,0,0.0,3,0,0.0
93705fdae07e93080a92d9973a1018ac84cf2a5adad9bfcd12c5f52a656cdd30,s_only,10,3,0,0.0,6,0,0.0,3,0,0.0
93fd01aaa04c9b5024b95429b655d2b7cec12d4bde784fdbf7a0a224b6d00eb9,continuous_attenuation,1,0,0,,0,0,,0,0,
93fd01aaa04c9b5024b95429b655d2b7cec12d4bde784fdbf7a0a224b6d00eb9,hard_warning,1,0,0,,0,0,,0,0,
93fd01aaa04c9b5024b95429b655d2b7cec12d4bde784fdbf7a0a224b6d00eb9,matched_uniform,1,0,0,,0,0,,0,0,
93fd01aaa04c9b5024b95429b655d2b7cec12d4bde784fdbf7a0a224b6d00eb9,s_only,1,0,0,,0,0,,0,0,
94ffb639c3ce8d00834ec937eefd5ae58c8361fd7fdb91c05b3ff32acccfff66,continuous_attenuation,2,0,0,,2,0,0.0,0,0,
94ffb639c3ce8d00834ec937eefd5ae58c8361fd7fdb91c05b3ff32acccfff66,hard_warning,2,0,0,,2,0,0.0,0,0,
94ffb639c3ce8d00834ec937eefd5ae58c8361fd7fdb91c05b3ff32acccfff66,matched_uniform,2,0,0,,2,0,0.0,0,0,
94ffb639c3ce8d00834ec937eefd5ae58c8361fd7fdb91c05b3ff32acccfff66,s_only,2,0,0,,2,0,0.0,0,0,
9685d4bd8418780d8601bc4a832458bf15cab1a89c0c12c398ba54e92737f76f,continuous_attenuation,1,0,0,,1,0,0.0,1,0,0.0
9685d4bd8418780d8601bc4a832458bf15cab1a89c0c12c398ba54e92737f76f,hard_warning,1,0,0,,1,0,0.0,1,0,0.0
9685d4bd8418780d8601bc4a832458bf15cab1a89c0c12c398ba54e92737f76f,matched_uniform,1,0,0,,1,0,0.0,1,0,0.0
9685d4bd8418780d8601bc4a832458bf15cab1a89c0c12c398ba54e92737f76f,s_only,1,0,0,,1,0,0.0,1,0,0.0
9c1f211105bd84c77202f210e9b5c3c0164baa369487c2c19b364d81bf63185c,continuous_attenuation,1,0,0,,0,0,,0,0,
9c1f211105bd84c77202f210e9b5c3c0164baa369487c2c19b364d81bf63185c,hard_warning,1,0,0,,0,0,,0,0,
9c1f211105bd84c77202f210e9b5c3c0164baa369487c2c19b364d81bf63185c,matched_uniform,1,0,0,,0,0,,0,0,
9c1f211105bd84c77202f210e9b5c3c0164baa369487c2c19b364d81bf63185c,s_only,1,0,0,,0,0,,0,0,
9db51f65e7fb9517e36386590855b9de19513ea87289f700da23c227d554b330,continuous_attenuation,4,0,0,,3,0,0.0,0,0,
9db51f65e7fb9517e36386590855b9de19513ea87289f700da23c227d554b330,hard_warning,4,0,0,,3,2,0.6666666666666666,0,0,
9db51f65e7fb9517e36386590855b9de19513ea87289f700da23c227d554b330,matched_uniform,4,0,0,,3,2,0.6666666666666666,0,0,
9db51f65e7fb9517e36386590855b9de19513ea87289f700da23c227d554b330,s_only,4,0,0,,3,0,0.0,0,0,
9e0ffec14857972f69e8c1f2dcd530dde10a7d085930843784a4e2942081f344,continuous_attenuation,4,0,0,,3,0,0.0,0,0,
9e0ffec14857972f69e8c1f2dcd530dde10a7d085930843784a4e2942081f344,hard_warning,4,0,0,,3,0,0.0,0,0,
9e0ffec14857972f69e8c1f2dcd530dde10a7d085930843784a4e2942081f344,matched_uniform,4,0,0,,3,0,0.0,0,0,
9e0ffec14857972f69e8c1f2dcd530dde10a7d085930843784a4e2942081f344,s_only,4,0,0,,3,0,0.0,0,0,
9ea2cf3aed879a520c7d3c0bf1f4962b3e1a82cd23934081e1fc57a2dfa5ae9b,continuous_attenuation,1,0,0,,1,0,0.0,0,0,
9ea2cf3aed879a520c7d3c0bf1f4962b3e1a82cd23934081e1fc57a2dfa5ae9b,hard_warning,1,0,0,,1,0,0.0,0,0,
9ea2cf3aed879a520c7d3c0bf1f4962b3e1a82cd23934081e1fc57a2dfa5ae9b,matched_uniform,1,0,0,,1,0,0.0,0,0,
9ea2cf3aed879a520c7d3c0bf1f4962b3e1a82cd23934081e1fc57a2dfa5ae9b,s_only,1,0,0,,1,0,0.0,0,0,
9fddafd955728592534eb1c6e97a60cb7ab63da4347501612ed88dcfd2115a55,continuous_attenuation,1,0,0,,0,0,,0,0,
9fddafd955728592534eb1c6e97a60cb7ab63da4347501612ed88dcfd2115a55,hard_warning,1,0,0,,0,0,,0,0,
9fddafd955728592534eb1c6e97a60cb7ab63da4347501612ed88dcfd2115a55,matched_uniform,1,0,0,,0,0,,0,0,
9fddafd955728592534eb1c6e97a60cb7ab63da4347501612ed88dcfd2115a55,s_only,1,0,0,,0,0,,0,0,
a271ea5360ebc346bc416be8bb175bc26cebc29cee21999047795d28d0f500d5,continuous_attenuation,1,0,0,,1,0,0.0,0,0,
a271ea5360ebc346bc416be8bb175bc26cebc29cee21999047795d28d0f500d5,hard_warning,1,0,0,,1,0,0.0,0,0,
a271ea5360ebc346bc416be8bb175bc26cebc29cee21999047795d28d0f500d5,matched_uniform,1,0,0,,1,0,0.0,0,0,
a271ea5360ebc346bc416be8bb175bc26cebc29cee21999047795d28d0f500d5,s_only,1,0,0,,1,0,0.0,0,0,
a395cb0cab3b2421c3672f82e3a9545982460f82dcc1a76dc4e091d1f594eb88,continuous_attenuation,4,0,0,,1,0,0.0,0,0,
a395cb0cab3b2421c3672f82e3a9545982460f82dcc1a76dc4e091d1f594eb88,hard_warning,4,0,0,,1,1,1.0,0,0,
a395cb0cab3b2421c3672f82e3a9545982460f82dcc1a76dc4e091d1f594eb88,matched_uniform,4,0,0,,1,1,1.0,0,0,
a395cb0cab3b2421c3672f82e3a9545982460f82dcc1a76dc4e091d1f594eb88,s_only,4,0,0,,1,0,0.0,0,0,
a5a61f14fb1cb844bbb3bf99e408d718a6977186e9efc53f8799f4cf797a161d,continuous_attenuation,1,0,0,,0,0,,0,0,
a5a61f14fb1cb844bbb3bf99e408d718a6977186e9efc53f8799f4cf797a161d,hard_warning,1,0,0,,0,0,,0,0,
a5a61f14fb1cb844bbb3bf99e408d718a6977186e9efc53f8799f4cf797a161d,matched_uniform,1,0,0,,0,0,,0,0,
a5a61f14fb1cb844bbb3bf99e408d718a6977186e9efc53f8799f4cf797a161d,s_only,1,0,0,,0,0,,0,0,
a5ed69027e5821350a9ff42edb1b8ac1ddf49ff4526ed9af60fe779f309f62ad,continuous_attenuation,1,0,0,,1,0,0.0,0,0,
a5ed69027e5821350a9ff42edb1b8ac1ddf49ff4526ed9af60fe779f309f62ad,hard_warning,1,0,0,,1,0,0.0,0,0,
a5ed69027e5821350a9ff42edb1b8ac1ddf49ff4526ed9af60fe779f309f62ad,matched_uniform,1,0,0,,1,0,0.0,0,0,
a5ed69027e5821350a9ff42edb1b8ac1ddf49ff4526ed9af60fe779f309f62ad,s_only,1,0,0,,1,0,0.0,0,0,
a7dc00a8938066ff2b2d44e1c1535f52ea58e8d152c4ecd4e475e625770b8944,continuous_attenuation,2,0,0,,0,0,,0,0,
a7dc00a8938066ff2b2d44e1c1535f52ea58e8d152c4ecd4e475e625770b8944,hard_warning,2,0,0,,0,0,,0,0,
a7dc00a8938066ff2b2d44e1c1535f52ea58e8d152c4ecd4e475e625770b8944,matched_uniform,2,0,0,,0,0,,0,0,
a7dc00a8938066ff2b2d44e1c1535f52ea58e8d152c4ecd4e475e625770b8944,s_only,2,0,0,,0,0,,0,0,
a8c5589f9a09b24212865a5d5ffe16b46a870fe355d5c001b0c3002c770a27a8,continuous_attenuation,1,0,0,,0,0,,0,0,
a8c5589f9a09b24212865a5d5ffe16b46a870fe355d5c001b0c3002c770a27a8,hard_warning,1,0,0,,0,0,,0,0,
a8c5589f9a09b24212865a5d5ffe16b46a870fe355d5c001b0c3002c770a27a8,matched_uniform,1,0,0,,0,0,,0,0,
a8c5589f9a09b24212865a5d5ffe16b46a870fe355d5c001b0c3002c770a27a8,s_only,1,0,0,,0,0,,0,0,
a9c9713115098515f80166161239a9b3706cd50592491a226d3bc7d31d6503b2,continuous_attenuation,3,0,0,,2,0,0.0,0,0,
a9c9713115098515f80166161239a9b3706cd50592491a226d3bc7d31d6503b2,hard_warning,3,0,0,,2,1,0.5,0,0,
a9c9713115098515f80166161239a9b3706cd50592491a226d3bc7d31d6503b2,matched_uniform,3,0,0,,2,1,0.5,0,0,
a9c9713115098515f80166161239a9b3706cd50592491a226d3bc7d31d6503b2,s_only,3,0,0,,2,0,0.0,0,0,
aa57e4acb5898069d268110ee3ffd3c6bd36de12143b2cf18f7c223b4f859d06,continuous_attenuation,4,0,0,,3,0,0.0,0,0,
aa57e4acb5898069d268110ee3ffd3c6bd36de12143b2cf18f7c223b4f859d06,hard_warning,4,0,0,,3,1,0.3333333333333333,0,0,
aa57e4acb5898069d268110ee3ffd3c6bd36de12143b2cf18f7c223b4f859d06,matched_uniform,4,0,0,,3,1,0.3333333333333333,0,0,
aa57e4acb5898069d268110ee3ffd3c6bd36de12143b2cf18f7c223b4f859d06,s_only,4,0,0,,3,0,0.0,0,0,
abe81a351291cff301ae9bc9e68e783c899b05a96d0113276a41acbed540502f,continuous_attenuation,1,0,0,,1,0,0.0,0,0,
abe81a351291cff301ae9bc9e68e783c899b05a96d0113276a41acbed540502f,hard_warning,1,0,0,,1,1,1.0,0,0,
abe81a351291cff301ae9bc9e68e783c899b05a96d0113276a41acbed540502f,matched_uniform,1,0,0,,1,0,0.0,0,0,
abe81a351291cff301ae9bc9e68e783c899b05a96d0113276a41acbed540502f,s_only,1,0,0,,1,0,0.0,0,0,
acb892cfba2679432841467baa4705c9f9b870cb5a14dd14adcc6cdde467dac8,continuous_attenuation,2,0,0,,2,0,0.0,0,0,
acb892cfba2679432841467baa4705c9f9b870cb5a14dd14adcc6cdde467dac8,hard_warning,2,0,0,,2,0,0.0,0,0,
acb892cfba2679432841467baa4705c9f9b870cb5a14dd14adcc6cdde467dac8,matched_uniform,2,0,0,,2,0,0.0,0,0,
acb892cfba2679432841467baa4705c9f9b870cb5a14dd14adcc6cdde467dac8,s_only,2,0,0,,2,0,0.0,0,0,
ae815a09782e14fb4c7ea91a1a68eec342bb05a65fee6f6677a73532fcbb7aba,continuous_attenuation,1,0,0,,1,0,0.0,1,0,0.0
ae815a09782e14fb4c7ea91a1a68eec342bb05a65fee6f6677a73532fcbb7aba,hard_warning,1,0,0,,1,0,0.0,1,0,0.0
ae815a09782e14fb4c7ea91a1a68eec342bb05a65fee6f6677a73532fcbb7aba,matched_uniform,1,0,0,,1,0,0.0,1,0,0.0
ae815a09782e14fb4c7ea91a1a68eec342bb05a65fee6f6677a73532fcbb7aba,s_only,1,0,0,,1,0,0.0,1,0,0.0
b1355a54456166683f2e036556e23349cabba6a9925dc4da0ee7dc1dee5d7db7,continuous_attenuation,4,0,0,,2,2,1.0,0,0,
b1355a54456166683f2e036556e23349cabba6a9925dc4da0ee7dc1dee5d7db7,hard_warning,4,0,0,,2,2,1.0,0,0,
b1355a54456166683f2e036556e23349cabba6a9925dc4da0ee7dc1dee5d7db7,matched_uniform,4,0,0,,2,2,1.0,0,0,
b1355a54456166683f2e036556e23349cabba6a9925dc4da0ee7dc1dee5d7db7,s_only,4,0,0,,2,0,0.0,0,0,
b18ceab434de613687bd8078a92653c31ba2de0d80a63cbe17c04d45423a3bc6,continuous_attenuation,1,0,0,,1,0,0.0,1,0,0.0
b18ceab434de613687bd8078a92653c31ba2de0d80a63cbe17c04d45423a3bc6,hard_warning,1,0,0,,1,0,0.0,1,0,0.0
b18ceab434de613687bd8078a92653c31ba2de0d80a63cbe17c04d45423a3bc6,matched_uniform,1,0,0,,1,0,0.0,1,0,0.0
b18ceab434de613687bd8078a92653c31ba2de0d80a63cbe17c04d45423a3bc6,s_only,1,0,0,,1,0,0.0,1,0,0.0
b3aea9781605ff3f7a78c4ecb012c893dfe6c240242b03adfeeea2087ecc1ba1,continuous_attenuation,1,0,0,,0,0,,0,0,
b3aea9781605ff3f7a78c4ecb012c893dfe6c240242b03adfeeea2087ecc1ba1,hard_warning,1,0,0,,0,0,,0,0,
b3aea9781605ff3f7a78c4ecb012c893dfe6c240242b03adfeeea2087ecc1ba1,matched_uniform,1,0,0,,0,0,,0,0,
b3aea9781605ff3f7a78c4ecb012c893dfe6c240242b03adfeeea2087ecc1ba1,s_only,1,0,0,,0,0,,0,0,
b4129583baf423572b973ebb020ed42555d2637f733c0fcda407b67cd197d53d,continuous_attenuation,10,0,0,,8,0,0.0,0,0,
b4129583baf423572b973ebb020ed42555d2637f733c0fcda407b67cd197d53d,hard_warning,10,0,0,,8,5,0.625,0,0,
b4129583baf423572b973ebb020ed42555d2637f733c0fcda407b67cd197d53d,matched_uniform,10,0,0,,8,0,0.0,0,0,
b4129583baf423572b973ebb020ed42555d2637f733c0fcda407b67cd197d53d,s_only,10,0,0,,8,0,0.0,0,0,
b414a130fb6b03fcb9377c70ffc27cb911dada80e723feb3669986bbdcd88463,continuous_attenuation,2,0,0,,0,0,,0,0,
b414a130fb6b03fcb9377c70ffc27cb911dada80e723feb3669986bbdcd88463,hard_warning,2,0,0,,0,0,,0,0,
b414a130fb6b03fcb9377c70ffc27cb911dada80e723feb3669986bbdcd88463,matched_uniform,2,0,0,,0,0,,0,0,
b414a130fb6b03fcb9377c70ffc27cb911dada80e723feb3669986bbdcd88463,s_only,2,0,0,,0,0,,0,0,
b52db3892319a84f822d5566521954f2cd00218e3ab6c23ed1f94f362a212d81,continuous_attenuation,1,0,0,,1,0,0.0,0,0,
b52db3892319a84f822d5566521954f2cd00218e3ab6c23ed1f94f362a212d81,hard_warning,1,0,0,,1,0,0.0,0,0,
b52db3892319a84f822d5566521954f2cd00218e3ab6c23ed1f94f362a212d81,matched_uniform,1,0,0,,1,0,0.0,0,0,
b52db3892319a84f822d5566521954f2cd00218e3ab6c23ed1f94f362a212d81,s_only,1,0,0,,1,0,0.0,0,0,
b88cc3ad25580d0a34648589b93136e9fab644da871a3c0fc38d021aad1c7b54,continuous_attenuation,1,0,0,,0,0,,0,0,
b88cc3ad25580d0a34648589b93136e9fab644da871a3c0fc38d021aad1c7b54,hard_warning,1,0,0,,0,0,,0,0,
b88cc3ad25580d0a34648589b93136e9fab644da871a3c0fc38d021aad1c7b54,matched_uniform,1,0,0,,0,0,,0,0,
b88cc3ad25580d0a34648589b93136e9fab644da871a3c0fc38d021aad1c7b54,s_only,1,0,0,,0,0,,0,0,
ba75b756f6c0a45355c53c1399375fa3fe84de202064d1ca0f1eeff5497e018a,continuous_attenuation,3,0,0,,3,0,0.0,0,0,
ba75b756f6c0a45355c53c1399375fa3fe84de202064d1ca0f1eeff5497e018a,hard_warning,3,0,0,,3,0,0.0,0,0,
ba75b756f6c0a45355c53c1399375fa3fe84de202064d1ca0f1eeff5497e018a,matched_uniform,3,0,0,,3,0,0.0,0,0,
ba75b756f6c0a45355c53c1399375fa3fe84de202064d1ca0f1eeff5497e018a,s_only,3,0,0,,3,0,0.0,0,0,
bbe61016f48cb261eb3d0bb6f0eadf75a95f74acb5a0eb8a2c93856b50e1823d,continuous_attenuation,2,0,0,,2,0,0.0,2,0,0.0
bbe61016f48cb261eb3d0bb6f0eadf75a95f74acb5a0eb8a2c93856b50e1823d,hard_warning,2,0,0,,2,2,1.0,2,2,1.0
bbe61016f48cb261eb3d0bb6f0eadf75a95f74acb5a0eb8a2c93856b50e1823d,matched_uniform,2,0,0,,2,0,0.0,2,0,0.0
bbe61016f48cb261eb3d0bb6f0eadf75a95f74acb5a0eb8a2c93856b50e1823d,s_only,2,0,0,,2,0,0.0,2,0,0.0
bd0aefd1d3008af0edb0061cdb740e009e3f2700f2c3bb6f1a7da473fbe3974a,continuous_attenuation,2,0,0,,1,1,1.0,0,0,
bd0aefd1d3008af0edb0061cdb740e009e3f2700f2c3bb6f1a7da473fbe3974a,hard_warning,2,0,0,,1,1,1.0,0,0,
bd0aefd1d3008af0edb0061cdb740e009e3f2700f2c3bb6f1a7da473fbe3974a,matched_uniform,2,0,0,,1,1,1.0,0,0,
bd0aefd1d3008af0edb0061cdb740e009e3f2700f2c3bb6f1a7da473fbe3974a,s_only,2,0,0,,1,0,0.0,0,0,
bf9e58e0482e7f78710a34b82a6d7f71ae31814a8c833d6dd445264d61cbf912,continuous_attenuation,1,1,1,1.0,0,0,,0,0,
bf9e58e0482e7f78710a34b82a6d7f71ae31814a8c833d6dd445264d61cbf912,hard_warning,1,1,1,1.0,0,0,,0,0,
bf9e58e0482e7f78710a34b82a6d7f71ae31814a8c833d6dd445264d61cbf912,matched_uniform,1,1,1,1.0,0,0,,0,0,
bf9e58e0482e7f78710a34b82a6d7f71ae31814a8c833d6dd445264d61cbf912,s_only,1,1,0,0.0,0,0,,0,0,
bfd63cc5294d7dc1136797041fde8b9ad35b9af86c0935870bd32d59a7d92821,continuous_attenuation,8,0,0,,6,0,0.0,5,0,0.0
bfd63cc5294d7dc1136797041fde8b9ad35b9af86c0935870bd32d59a7d92821,hard_warning,8,0,0,,6,0,0.0,5,0,0.0
bfd63cc5294d7dc1136797041fde8b9ad35b9af86c0935870bd32d59a7d92821,matched_uniform,8,0,0,,6,0,0.0,5,0,0.0
bfd63cc5294d7dc1136797041fde8b9ad35b9af86c0935870bd32d59a7d92821,s_only,8,0,0,,6,0,0.0,5,0,0.0
c0c8523f669620da2e55d2d63c9a413fac484cb3c7dcf0ff2c87f22f1a7d832a,continuous_attenuation,2,0,0,,1,0,0.0,0,0,
c0c8523f669620da2e55d2d63c9a413fac484cb3c7dcf0ff2c87f22f1a7d832a,hard_warning,2,0,0,,1,1,1.0,0,0,
c0c8523f669620da2e55d2d63c9a413fac484cb3c7dcf0ff2c87f22f1a7d832a,matched_uniform,2,0,0,,1,0,0.0,0,0,
c0c8523f669620da2e55d2d63c9a413fac484cb3c7dcf0ff2c87f22f1a7d832a,s_only,2,0,0,,1,0,0.0,0,0,
c289d1a393d45355204ef3e5bfb480f5aa215d60abf6e58a29e366b81c0c455e,continuous_attenuation,5,0,0,,5,0,0.0,1,0,0.0
c289d1a393d45355204ef3e5bfb480f5aa215d60abf6e58a29e366b81c0c455e,hard_warning,5,0,0,,5,0,0.0,1,0,0.0
c289d1a393d45355204ef3e5bfb480f5aa215d60abf6e58a29e366b81c0c455e,matched_uniform,5,0,0,,5,0,0.0,1,0,0.0
c289d1a393d45355204ef3e5bfb480f5aa215d60abf6e58a29e366b81c0c455e,s_only,5,0,0,,5,0,0.0,1,0,0.0
c3a2cfe562fb31cec417a71833b6d0fe7ee74564f106e97669b6f115bca98f00,continuous_attenuation,1,0,0,,0,0,,0,0,
c3a2cfe562fb31cec417a71833b6d0fe7ee74564f106e97669b6f115bca98f00,hard_warning,1,0,0,,0,0,,0,0,
c3a2cfe562fb31cec417a71833b6d0fe7ee74564f106e97669b6f115bca98f00,matched_uniform,1,0,0,,0,0,,0,0,
c3a2cfe562fb31cec417a71833b6d0fe7ee74564f106e97669b6f115bca98f00,s_only,1,0,0,,0,0,,0,0,
c5a5b841b3cb230d4b7e0a8bad358f4e56bf2304ba74efb5fa8c49ffc8bbb6da,continuous_attenuation,1,0,0,,1,0,0.0,1,0,0.0
c5a5b841b3cb230d4b7e0a8bad358f4e56bf2304ba74efb5fa8c49ffc8bbb6da,hard_warning,1,0,0,,1,0,0.0,1,0,0.0
c5a5b841b3cb230d4b7e0a8bad358f4e56bf2304ba74efb5fa8c49ffc8bbb6da,matched_uniform,1,0,0,,1,1,1.0,1,1,1.0
c5a5b841b3cb230d4b7e0a8bad358f4e56bf2304ba74efb5fa8c49ffc8bbb6da,s_only,1,0,0,,1,0,0.0,1,0,0.0
c6de406662f04d5d58d6021f45ddaf0d3542d86909dd0891fcce6d1844e11972,continuous_attenuation,7,0,0,,7,0,0.0,5,0,0.0
c6de406662f04d5d58d6021f45ddaf0d3542d86909dd0891fcce6d1844e11972,hard_warning,7,0,0,,7,0,0.0,5,0,0.0
c6de406662f04d5d58d6021f45ddaf0d3542d86909dd0891fcce6d1844e11972,matched_uniform,7,0,0,,7,0,0.0,5,0,0.0
c6de406662f04d5d58d6021f45ddaf0d3542d86909dd0891fcce6d1844e11972,s_only,7,0,0,,7,0,0.0,5,0,0.0
c784c9e3bf30eb52d21efad03c0462c5233ff9396b5f24c170d6cae67b3e0ceb,continuous_attenuation,16,0,0,,16,0,0.0,16,0,0.0
c784c9e3bf30eb52d21efad03c0462c5233ff9396b5f24c170d6cae67b3e0ceb,hard_warning,16,0,0,,16,0,0.0,16,0,0.0
c784c9e3bf30eb52d21efad03c0462c5233ff9396b5f24c170d6cae67b3e0ceb,matched_uniform,16,0,0,,16,0,0.0,16,0,0.0
c784c9e3bf30eb52d21efad03c0462c5233ff9396b5f24c170d6cae67b3e0ceb,s_only,16,0,0,,16,0,0.0,16,0,0.0
c9ed88054082154935fcd73358d874c07edc8cfd5f3a2ac7277e26b432ea40e9,continuous_attenuation,16,0,0,,16,0,0.0,11,0,0.0
c9ed88054082154935fcd73358d874c07edc8cfd5f3a2ac7277e26b432ea40e9,hard_warning,16,0,0,,16,13,0.8125,11,10,0.9090909090909091
c9ed88054082154935fcd73358d874c07edc8cfd5f3a2ac7277e26b432ea40e9,matched_uniform,16,0,0,,16,1,0.0625,11,0,0.0
c9ed88054082154935fcd73358d874c07edc8cfd5f3a2ac7277e26b432ea40e9,s_only,16,0,0,,16,0,0.0,11,0,0.0
cfbe917790f82712e34ce532cdea06745812166fa3825d8c9009e4161d972e11,continuous_attenuation,1,0,0,,0,0,,0,0,
cfbe917790f82712e34ce532cdea06745812166fa3825d8c9009e4161d972e11,hard_warning,1,0,0,,0,0,,0,0,
cfbe917790f82712e34ce532cdea06745812166fa3825d8c9009e4161d972e11,matched_uniform,1,0,0,,0,0,,0,0,
cfbe917790f82712e34ce532cdea06745812166fa3825d8c9009e4161d972e11,s_only,1,0,0,,0,0,,0,0,
cfd94a9f734c7b5b74211ac5830ef5d4d054de49423ba44e6a110c267c6c1ada,continuous_attenuation,1,0,0,,0,0,,0,0,
cfd94a9f734c7b5b74211ac5830ef5d4d054de49423ba44e6a110c267c6c1ada,hard_warning,1,0,0,,0,0,,0,0,
cfd94a9f734c7b5b74211ac5830ef5d4d054de49423ba44e6a110c267c6c1ada,matched_uniform,1,0,0,,0,0,,0,0,
cfd94a9f734c7b5b74211ac5830ef5d4d054de49423ba44e6a110c267c6c1ada,s_only,1,0,0,,0,0,,0,0,
d088e252d6489a941f4d69639d34e9dda6b015be8a92c2d16b267957035f42d3,continuous_attenuation,3,1,1,1.0,2,0,0.0,1,0,0.0
d088e252d6489a941f4d69639d34e9dda6b015be8a92c2d16b267957035f42d3,hard_warning,3,1,1,1.0,2,0,0.0,1,0,0.0
d088e252d6489a941f4d69639d34e9dda6b015be8a92c2d16b267957035f42d3,matched_uniform,3,1,1,1.0,2,0,0.0,1,0,0.0
d088e252d6489a941f4d69639d34e9dda6b015be8a92c2d16b267957035f42d3,s_only,3,1,1,1.0,2,0,0.0,1,0,0.0
d08fea2dc5e3b1586881ec7a30926d6a31b4bbed386ce53ef18f381771496645,continuous_attenuation,1,0,0,,0,0,,0,0,
d08fea2dc5e3b1586881ec7a30926d6a31b4bbed386ce53ef18f381771496645,hard_warning,1,0,0,,0,0,,0,0,
d08fea2dc5e3b1586881ec7a30926d6a31b4bbed386ce53ef18f381771496645,matched_uniform,1,0,0,,0,0,,0,0,
d08fea2dc5e3b1586881ec7a30926d6a31b4bbed386ce53ef18f381771496645,s_only,1,0,0,,0,0,,0,0,
d11c7dca11152455a7a69c323687c55e0d7624ec8e970b2f6425448ac1a947ba,continuous_attenuation,1,0,0,,1,0,0.0,1,0,0.0
d11c7dca11152455a7a69c323687c55e0d7624ec8e970b2f6425448ac1a947ba,hard_warning,1,0,0,,1,1,1.0,1,1,1.0
d11c7dca11152455a7a69c323687c55e0d7624ec8e970b2f6425448ac1a947ba,matched_uniform,1,0,0,,1,0,0.0,1,0,0.0
d11c7dca11152455a7a69c323687c55e0d7624ec8e970b2f6425448ac1a947ba,s_only,1,0,0,,1,0,0.0,1,0,0.0
d37a2df82506206603c7250b3b630fb0604caf64b3dd9d80fce4d842b41df442,continuous_attenuation,1,0,0,,1,0,0.0,0,0,
d37a2df82506206603c7250b3b630fb0604caf64b3dd9d80fce4d842b41df442,hard_warning,1,0,0,,1,1,1.0,0,0,
d37a2df82506206603c7250b3b630fb0604caf64b3dd9d80fce4d842b41df442,matched_uniform,1,0,0,,1,1,1.0,0,0,
d37a2df82506206603c7250b3b630fb0604caf64b3dd9d80fce4d842b41df442,s_only,1,0,0,,1,0,0.0,0,0,
d4ecdc70570c6d5d0cba6a34f48f295d8ba71e406623b7aa4860acb2f9232432,continuous_attenuation,11,6,5,0.8333333333333334,3,0,0.0,2,0,0.0
d4ecdc70570c6d5d0cba6a34f48f295d8ba71e406623b7aa4860acb2f9232432,hard_warning,11,6,6,1.0,3,1,0.3333333333333333,2,0,0.0
d4ecdc70570c6d5d0cba6a34f48f295d8ba71e406623b7aa4860acb2f9232432,matched_uniform,11,6,0,0.0,3,0,0.0,2,0,0.0
d4ecdc70570c6d5d0cba6a34f48f295d8ba71e406623b7aa4860acb2f9232432,s_only,11,6,0,0.0,3,0,0.0,2,0,0.0
d6fed5a68070f122a35ae4073a7404f6c9a8f5cfb869cb31526e53c18a75a6a6,continuous_attenuation,2,0,0,,0,0,,0,0,
d6fed5a68070f122a35ae4073a7404f6c9a8f5cfb869cb31526e53c18a75a6a6,hard_warning,2,0,0,,0,0,,0,0,
d6fed5a68070f122a35ae4073a7404f6c9a8f5cfb869cb31526e53c18a75a6a6,matched_uniform,2,0,0,,0,0,,0,0,
d6fed5a68070f122a35ae4073a7404f6c9a8f5cfb869cb31526e53c18a75a6a6,s_only,2,0,0,,0,0,,0,0,
d70adf9a51e99ed6be161ffc855fc2e67fdf3313dd472f36e30f03d95d4c56b8,continuous_attenuation,2,2,0,0.0,0,0,,0,0,
d70adf9a51e99ed6be161ffc855fc2e67fdf3313dd472f36e30f03d95d4c56b8,hard_warning,2,2,2,1.0,0,0,,0,0,
d70adf9a51e99ed6be161ffc855fc2e67fdf3313dd472f36e30f03d95d4c56b8,matched_uniform,2,2,2,1.0,0,0,,0,0,
d70adf9a51e99ed6be161ffc855fc2e67fdf3313dd472f36e30f03d95d4c56b8,s_only,2,2,0,0.0,0,0,,0,0,
d7fa92eff953ef21818517fe548af3be2cc80057098cda4004a9ea9682369451,continuous_attenuation,5,0,0,,5,0,0.0,0,0,
d7fa92eff953ef21818517fe548af3be2cc80057098cda4004a9ea9682369451,hard_warning,5,0,0,,5,1,0.2,0,0,
d7fa92eff953ef21818517fe548af3be2cc80057098cda4004a9ea9682369451,matched_uniform,5,0,0,,5,0,0.0,0,0,
d7fa92eff953ef21818517fe548af3be2cc80057098cda4004a9ea9682369451,s_only,5,0,0,,5,0,0.0,0,0,
d8bf67384fd08758d56af73249dd29eb37146eab7e2024de0a22fc4283d2f995,continuous_attenuation,1,0,0,,0,0,,0,0,
d8bf67384fd08758d56af73249dd29eb37146eab7e2024de0a22fc4283d2f995,hard_warning,1,0,0,,0,0,,0,0,
d8bf67384fd08758d56af73249dd29eb37146eab7e2024de0a22fc4283d2f995,matched_uniform,1,0,0,,0,0,,0,0,
d8bf67384fd08758d56af73249dd29eb37146eab7e2024de0a22fc4283d2f995,s_only,1,0,0,,0,0,,0,0,
d8c92250f1d8e1f951a023a96cc595ad0d7731d59dbebf87e580a2c7a234ba27,continuous_attenuation,1,0,0,,1,0,0.0,0,0,
d8c92250f1d8e1f951a023a96cc595ad0d7731d59dbebf87e580a2c7a234ba27,hard_warning,1,0,0,,1,0,0.0,0,0,
d8c92250f1d8e1f951a023a96cc595ad0d7731d59dbebf87e580a2c7a234ba27,matched_uniform,1,0,0,,1,0,0.0,0,0,
d8c92250f1d8e1f951a023a96cc595ad0d7731d59dbebf87e580a2c7a234ba27,s_only,1,0,0,,1,0,0.0,0,0,
d923219c5f8bf3df4954fb302c34bb58a0be4f96e199a17acf355ac3cafd5822,continuous_attenuation,2,0,0,,2,0,0.0,0,0,
d923219c5f8bf3df4954fb302c34bb58a0be4f96e199a17acf355ac3cafd5822,hard_warning,2,0,0,,2,2,1.0,0,0,
d923219c5f8bf3df4954fb302c34bb58a0be4f96e199a17acf355ac3cafd5822,matched_uniform,2,0,0,,2,0,0.0,0,0,
d923219c5f8bf3df4954fb302c34bb58a0be4f96e199a17acf355ac3cafd5822,s_only,2,0,0,,2,0,0.0,0,0,
da14ff769ef3db120ad0d4842554a3b44f3e602055cdb39873416a6622e9b5db,continuous_attenuation,4,1,0,0.0,0,0,,0,0,
da14ff769ef3db120ad0d4842554a3b44f3e602055cdb39873416a6622e9b5db,hard_warning,4,1,1,1.0,0,0,,0,0,
da14ff769ef3db120ad0d4842554a3b44f3e602055cdb39873416a6622e9b5db,matched_uniform,4,1,0,0.0,0,0,,0,0,
da14ff769ef3db120ad0d4842554a3b44f3e602055cdb39873416a6622e9b5db,s_only,4,1,0,0.0,0,0,,0,0,
dd7f1a70fc38797839c5f58f5bf0fca1a069455e0b68154043ad8e491948ac7e,continuous_attenuation,2,0,0,,0,0,,0,0,
dd7f1a70fc38797839c5f58f5bf0fca1a069455e0b68154043ad8e491948ac7e,hard_warning,2,0,0,,0,0,,0,0,
dd7f1a70fc38797839c5f58f5bf0fca1a069455e0b68154043ad8e491948ac7e,matched_uniform,2,0,0,,0,0,,0,0,
dd7f1a70fc38797839c5f58f5bf0fca1a069455e0b68154043ad8e491948ac7e,s_only,2,0,0,,0,0,,0,0,
dd8ba24037886f0f61fc71b5b8b8855a51e0b4a0381bb3a4ba3d72ca6225b47d,continuous_attenuation,21,1,1,1.0,20,0,0.0,14,0,0.0
dd8ba24037886f0f61fc71b5b8b8855a51e0b4a0381bb3a4ba3d72ca6225b47d,hard_warning,21,1,1,1.0,20,10,0.5,14,5,0.35714285714285715
dd8ba24037886f0f61fc71b5b8b8855a51e0b4a0381bb3a4ba3d72ca6225b47d,matched_uniform,21,1,1,1.0,20,2,0.1,14,0,0.0
dd8ba24037886f0f61fc71b5b8b8855a51e0b4a0381bb3a4ba3d72ca6225b47d,s_only,21,1,0,0.0,20,0,0.0,14,0,0.0
dda23f29b4ddeb129f9d9e012a79831b301a9fcfdc2e82f02db1d3a3cf45c4f8,continuous_attenuation,1,0,0,,1,0,0.0,1,0,0.0
dda23f29b4ddeb129f9d9e012a79831b301a9fcfdc2e82f02db1d3a3cf45c4f8,hard_warning,1,0,0,,1,0,0.0,1,0,0.0
dda23f29b4ddeb129f9d9e012a79831b301a9fcfdc2e82f02db1d3a3cf45c4f8,matched_uniform,1,0,0,,1,0,0.0,1,0,0.0
dda23f29b4ddeb129f9d9e012a79831b301a9fcfdc2e82f02db1d3a3cf45c4f8,s_only,1,0,0,,1,0,0.0,1,0,0.0
deceb26fdcae46d4b7c3345fcc91316d015e8efe8333f65444c79504cd5108e6,continuous_attenuation,2,0,0,,0,0,,0,0,
deceb26fdcae46d4b7c3345fcc91316d015e8efe8333f65444c79504cd5108e6,hard_warning,2,0,0,,0,0,,0,0,
deceb26fdcae46d4b7c3345fcc91316d015e8efe8333f65444c79504cd5108e6,matched_uniform,2,0,0,,0,0,,0,0,
deceb26fdcae46d4b7c3345fcc91316d015e8efe8333f65444c79504cd5108e6,s_only,2,0,0,,0,0,,0,0,
df26f09d04bfa9b20a506a7b5a22031867a3b2b84d755af1ddd8c19ff7cc382c,continuous_attenuation,4,1,0,0.0,3,0,0.0,0,0,
df26f09d04bfa9b20a506a7b5a22031867a3b2b84d755af1ddd8c19ff7cc382c,hard_warning,4,1,1,1.0,3,1,0.3333333333333333,0,0,
df26f09d04bfa9b20a506a7b5a22031867a3b2b84d755af1ddd8c19ff7cc382c,matched_uniform,4,1,0,0.0,3,0,0.0,0,0,
df26f09d04bfa9b20a506a7b5a22031867a3b2b84d755af1ddd8c19ff7cc382c,s_only,4,1,0,0.0,3,0,0.0,0,0,
e0d10d22fae77f034b9e4db6a195d7324030a35b0e1bd46c3d390419c4435186,continuous_attenuation,3,0,0,,0,0,,0,0,
e0d10d22fae77f034b9e4db6a195d7324030a35b0e1bd46c3d390419c4435186,hard_warning,3,0,0,,0,0,,0,0,
e0d10d22fae77f034b9e4db6a195d7324030a35b0e1bd46c3d390419c4435186,matched_uniform,3,0,0,,0,0,,0,0,
e0d10d22fae77f034b9e4db6a195d7324030a35b0e1bd46c3d390419c4435186,s_only,3,0,0,,0,0,,0,0,
e1f3a3d478cd2c0e345d725284b1f6334cbd2459aa98cacf7aa66c550ebc0319,continuous_attenuation,1,0,0,,1,0,0.0,0,0,
e1f3a3d478cd2c0e345d725284b1f6334cbd2459aa98cacf7aa66c550ebc0319,hard_warning,1,0,0,,1,0,0.0,0,0,
e1f3a3d478cd2c0e345d725284b1f6334cbd2459aa98cacf7aa66c550ebc0319,matched_uniform,1,0,0,,1,0,0.0,0,0,
e1f3a3d478cd2c0e345d725284b1f6334cbd2459aa98cacf7aa66c550ebc0319,s_only,1,0,0,,1,0,0.0,0,0,
e231768ddc4e38a00cb6640c4c42e2b66012905e541a2421877e149aaa32a958,continuous_attenuation,2,0,0,,1,0,0.0,0,0,
e231768ddc4e38a00cb6640c4c42e2b66012905e541a2421877e149aaa32a958,hard_warning,2,0,0,,1,0,0.0,0,0,
e231768ddc4e38a00cb6640c4c42e2b66012905e541a2421877e149aaa32a958,matched_uniform,2,0,0,,1,0,0.0,0,0,
e231768ddc4e38a00cb6640c4c42e2b66012905e541a2421877e149aaa32a958,s_only,2,0,0,,1,0,0.0,0,0,
e546a200036271a985830c76a6a8ee814927b2bfe6879bccddcc817eadc9737d,continuous_attenuation,1,0,0,,0,0,,0,0,
e546a200036271a985830c76a6a8ee814927b2bfe6879bccddcc817eadc9737d,hard_warning,1,0,0,,0,0,,0,0,
e546a200036271a985830c76a6a8ee814927b2bfe6879bccddcc817eadc9737d,matched_uniform,1,0,0,,0,0,,0,0,
e546a200036271a985830c76a6a8ee814927b2bfe6879bccddcc817eadc9737d,s_only,1,0,0,,0,0,,0,0,
e5ef9e4ffaa630dd0033f387f8b1b5717291ffbacd663923697636a997e1e7bf,continuous_attenuation,20,2,2,1.0,15,0,0.0,6,0,0.0
e5ef9e4ffaa630dd0033f387f8b1b5717291ffbacd663923697636a997e1e7bf,hard_warning,20,2,2,1.0,15,0,0.0,6,0,0.0
e5ef9e4ffaa630dd0033f387f8b1b5717291ffbacd663923697636a997e1e7bf,matched_uniform,20,2,0,0.0,15,0,0.0,6,0,0.0
e5ef9e4ffaa630dd0033f387f8b1b5717291ffbacd663923697636a997e1e7bf,s_only,20,2,2,1.0,15,0,0.0,6,0,0.0
e6de70ddc18449e70c597a5ae1c0f90365abf1413a96ed4cda02b26b5c689eed,continuous_attenuation,3,0,0,,2,0,0.0,0,0,
e6de70ddc18449e70c597a5ae1c0f90365abf1413a96ed4cda02b26b5c689eed,hard_warning,3,0,0,,2,0,0.0,0,0,
e6de70ddc18449e70c597a5ae1c0f90365abf1413a96ed4cda02b26b5c689eed,matched_uniform,3,0,0,,2,0,0.0,0,0,
e6de70ddc18449e70c597a5ae1c0f90365abf1413a96ed4cda02b26b5c689eed,s_only,3,0,0,,2,0,0.0,0,0,
e73007b56096c152e63593c60ee17c27bbd721fec9b651a0cb11d58e22320798,continuous_attenuation,7,0,0,,5,1,0.2,5,1,0.2
e73007b56096c152e63593c60ee17c27bbd721fec9b651a0cb11d58e22320798,hard_warning,7,0,0,,5,1,0.2,5,1,0.2
e73007b56096c152e63593c60ee17c27bbd721fec9b651a0cb11d58e22320798,matched_uniform,7,0,0,,5,1,0.2,5,1,0.2
e73007b56096c152e63593c60ee17c27bbd721fec9b651a0cb11d58e22320798,s_only,7,0,0,,5,1,0.2,5,1,0.2
e732214b4dfeb64cb6b59f55717ba40c63a46576b7c182df8963dd27f21dd6b2,continuous_attenuation,1,0,0,,0,0,,0,0,
e732214b4dfeb64cb6b59f55717ba40c63a46576b7c182df8963dd27f21dd6b2,hard_warning,1,0,0,,0,0,,0,0,
e732214b4dfeb64cb6b59f55717ba40c63a46576b7c182df8963dd27f21dd6b2,matched_uniform,1,0,0,,0,0,,0,0,
e732214b4dfeb64cb6b59f55717ba40c63a46576b7c182df8963dd27f21dd6b2,s_only,1,0,0,,0,0,,0,0,
e8b6c66b50834c153cdf4901bbf99399f48274efbe141c4c127b6076daef5be6,continuous_attenuation,1,0,0,,1,0,0.0,1,0,0.0
e8b6c66b50834c153cdf4901bbf99399f48274efbe141c4c127b6076daef5be6,hard_warning,1,0,0,,1,0,0.0,1,0,0.0
e8b6c66b50834c153cdf4901bbf99399f48274efbe141c4c127b6076daef5be6,matched_uniform,1,0,0,,1,0,0.0,1,0,0.0
e8b6c66b50834c153cdf4901bbf99399f48274efbe141c4c127b6076daef5be6,s_only,1,0,0,,1,0,0.0,1,0,0.0
ea21fe1fde5deb3ba13b00511bd0fcd1ca38ebc0dee7b7519f503b1d08e228f9,continuous_attenuation,1,0,0,,1,0,0.0,0,0,
ea21fe1fde5deb3ba13b00511bd0fcd1ca38ebc0dee7b7519f503b1d08e228f9,hard_warning,1,0,0,,1,0,0.0,0,0,
ea21fe1fde5deb3ba13b00511bd0fcd1ca38ebc0dee7b7519f503b1d08e228f9,matched_uniform,1,0,0,,1,0,0.0,0,0,
ea21fe1fde5deb3ba13b00511bd0fcd1ca38ebc0dee7b7519f503b1d08e228f9,s_only,1,0,0,,1,0,0.0,0,0,
ea577cbad267b582a4d53d699fedb5ef427bd78d49d517f746ca7bcc57c1253f,continuous_attenuation,9,0,0,,7,0,0.0,0,0,
ea577cbad267b582a4d53d699fedb5ef427bd78d49d517f746ca7bcc57c1253f,hard_warning,9,0,0,,7,1,0.14285714285714285,0,0,
ea577cbad267b582a4d53d699fedb5ef427bd78d49d517f746ca7bcc57c1253f,matched_uniform,9,0,0,,7,0,0.0,0,0,
ea577cbad267b582a4d53d699fedb5ef427bd78d49d517f746ca7bcc57c1253f,s_only,9,0,0,,7,0,0.0,0,0,
eba876ba12843f1a7b7a361947929f14a19710f2c9488c6bc39e6cd4b0a170f3,continuous_attenuation,4,1,1,1.0,2,2,1.0,0,0,
eba876ba12843f1a7b7a361947929f14a19710f2c9488c6bc39e6cd4b0a170f3,hard_warning,4,1,1,1.0,2,2,1.0,0,0,
eba876ba12843f1a7b7a361947929f14a19710f2c9488c6bc39e6cd4b0a170f3,matched_uniform,4,1,1,1.0,2,2,1.0,0,0,
eba876ba12843f1a7b7a361947929f14a19710f2c9488c6bc39e6cd4b0a170f3,s_only,4,1,0,0.0,2,0,0.0,0,0,
ec817102ab1e81c923f0e010dc1f1a6d57ffe75ae2942591b85cd221cb49d8a6,continuous_attenuation,2,2,1,0.5,0,0,,0,0,
ec817102ab1e81c923f0e010dc1f1a6d57ffe75ae2942591b85cd221cb49d8a6,hard_warning,2,2,2,1.0,0,0,,0,0,
ec817102ab1e81c923f0e010dc1f1a6d57ffe75ae2942591b85cd221cb49d8a6,matched_uniform,2,2,2,1.0,0,0,,0,0,
ec817102ab1e81c923f0e010dc1f1a6d57ffe75ae2942591b85cd221cb49d8a6,s_only,2,2,1,0.5,0,0,,0,0,
f58c14162ae30257737a238b35d3771988f88e0ebd7450d46f1c920c17499256,continuous_attenuation,4,0,0,,2,0,0.0,1,0,0.0
f58c14162ae30257737a238b35d3771988f88e0ebd7450d46f1c920c17499256,hard_warning,4,0,0,,2,1,0.5,1,1,1.0
f58c14162ae30257737a238b35d3771988f88e0ebd7450d46f1c920c17499256,matched_uniform,4,0,0,,2,0,0.0,1,0,0.0
f58c14162ae30257737a238b35d3771988f88e0ebd7450d46f1c920c17499256,s_only,4,0,0,,2,0,0.0,1,0,0.0
f5c5593875fe08810a88c9becec8a480d2c8774d67bcc704d32885cfdbb9dff2,continuous_attenuation,3,1,1,1.0,1,0,0.0,0,0,
f5c5593875fe08810a88c9becec8a480d2c8774d67bcc704d32885cfdbb9dff2,hard_warning,3,1,1,1.0,1,0,0.0,0,0,
f5c5593875fe08810a88c9becec8a480d2c8774d67bcc704d32885cfdbb9dff2,matched_uniform,3,1,1,1.0,1,0,0.0,0,0,
f5c5593875fe08810a88c9becec8a480d2c8774d67bcc704d32885cfdbb9dff2,s_only,3,1,0,0.0,1,0,0.0,0,0,
f7e1ac25446e0906de362b4ba563b9108e57114e29e60591d691fa6090a5aedc,continuous_attenuation,6,0,0,,4,0,0.0,0,0,
f7e1ac25446e0906de362b4ba563b9108e57114e29e60591d691fa6090a5aedc,hard_warning,6,0,0,,4,3,0.75,0,0,
f7e1ac25446e0906de362b4ba563b9108e57114e29e60591d691fa6090a5aedc,matched_uniform,6,0,0,,4,0,0.0,0,0,
f7e1ac25446e0906de362b4ba563b9108e57114e29e60591d691fa6090a5aedc,s_only,6,0,0,,4,0,0.0,0,0,
f8fb7f91724c79577c04d2c1cea1c41435bf2150f954f6b6e8d12ef23a52c80c,continuous_attenuation,1,0,0,,1,0,0.0,0,0,
f8fb7f91724c79577c04d2c1cea1c41435bf2150f954f6b6e8d12ef23a52c80c,hard_warning,1,0,0,,1,0,0.0,0,0,
f8fb7f91724c79577c04d2c1cea1c41435bf2150f954f6b6e8d12ef23a52c80c,matched_uniform,1,0,0,,1,0,0.0,0,0,
f8fb7f91724c79577c04d2c1cea1c41435bf2150f954f6b6e8d12ef23a52c80c,s_only,1,0,0,,1,0,0.0,0,0,
f9cde2f9420ab894c06f4e1520e9925b1eec6cfe3c425e5049e9b8114ad16e4e,continuous_attenuation,1,0,0,,1,0,0.0,1,0,0.0
f9cde2f9420ab894c06f4e1520e9925b1eec6cfe3c425e5049e9b8114ad16e4e,hard_warning,1,0,0,,1,0,0.0,1,0,0.0
f9cde2f9420ab894c06f4e1520e9925b1eec6cfe3c425e5049e9b8114ad16e4e,matched_uniform,1,0,0,,1,0,0.0,1,0,0.0
f9cde2f9420ab894c06f4e1520e9925b1eec6cfe3c425e5049e9b8114ad16e4e,s_only,1,0,0,,1,0,0.0,1,0,0.0
fb5200da73ca17f68258c694f98491ae20900dbf4415aca376bbf2c311983c94,continuous_attenuation,1,0,0,,1,0,0.0,0,0,
fb5200da73ca17f68258c694f98491ae20900dbf4415aca376bbf2c311983c94,hard_warning,1,0,0,,1,0,0.0,0,0,
fb5200da73ca17f68258c694f98491ae20900dbf4415aca376bbf2c311983c94,matched_uniform,1,0,0,,1,0,0.0,0,0,
fb5200da73ca17f68258c694f98491ae20900dbf4415aca376bbf2c311983c94,s_only,1,0,0,,1,0,0.0,0,0,
fc68c6a1b1884e330536eac95b7e04420685376b6b37747cc2b3b8efe4a7a808,continuous_attenuation,2,1,0,0.0,0,0,,0,0,
fc68c6a1b1884e330536eac95b7e04420685376b6b37747cc2b3b8efe4a7a808,hard_warning,2,1,1,1.0,0,0,,0,0,
fc68c6a1b1884e330536eac95b7e04420685376b6b37747cc2b3b8efe4a7a808,matched_uniform,2,1,1,1.0,0,0,,0,0,
fc68c6a1b1884e330536eac95b7e04420685376b6b37747cc2b3b8efe4a7a808,s_only,2,1,0,0.0,0,0,,0,0,
fe7ca4a9beeb7c70a1d095300e53361b108e21b4fc12b7a3f81aa6de3ad784c2,continuous_attenuation,5,0,0,,4,0,0.0,0,0,
fe7ca4a9beeb7c70a1d095300e53361b108e21b4fc12b7a3f81aa6de3ad784c2,hard_warning,5,0,0,,4,1,0.25,0,0,
fe7ca4a9beeb7c70a1d095300e53361b108e21b4fc12b7a3f81aa6de3ad784c2,matched_uniform,5,0,0,,4,0,0.0,0,0,
fe7ca4a9beeb7c70a1d095300e53361b108e21b4fc12b7a3f81aa6de3ad784c2,s_only,5,0,0,,4,0,0.0,0,0,
fee24dfa9bb764d5984f1917aca49ee26ddb750349ec2db559ffe12b391e470f,continuous_attenuation,2,0,0,,2,0,0.0,1,0,0.0
fee24dfa9bb764d5984f1917aca49ee26ddb750349ec2db559ffe12b391e470f,hard_warning,2,0,0,,2,0,0.0,1,0,0.0
fee24dfa9bb764d5984f1917aca49ee26ddb750349ec2db559ffe12b391e470f,matched_uniform,2,0,0,,2,0,0.0,1,0,0.0
fee24dfa9bb764d5984f1917aca49ee26ddb750349ec2db559ffe12b391e470f,s_only,2,0,0,,2,0,0.0,1,0,0.0
